2010-07-16,0.04951,,,,,
2010-07-17,0.04951,,,,,
2010-07-18,0.08584,,,,,
2010-07-19,0.0808,,,,,
2010-07-20,0.07474,,,,,
2010-07-21,0.07921,,,,,
2010-07-22,0.0505,,,,,
2010-07-23,0.06262,,,,,
2010-07-24,0.05454,,,,,
2010-07-25,0.0505,,,,,
2010-07-26,0.056,,,,,
2010-07-27,0.06,,,,,
2010-07-28,0.0589,,,,,
2010-07-29,0.0699,,,,,
2010-07-30,0.0627,,,,,
2010-07-31,0.06785,,,,,
2010-08-01,0.0611,,,,,
2010-08-02,0.06,,,,,
2010-08-03,0.06,,,,,
2010-08-04,0.057,,,,,
2010-08-05,0.061,,,,,
2010-08-06,0.0623,,,,,
2010-08-07,0.059,,,,,
2010-08-08,0.0609,,,,,
2010-08-09,0.071,,,,,
2010-08-10,0.07,,,,,
2010-08-11,0.067,,,,,
2010-08-12,0.07,,,,,
2010-08-13,0.0645,,,,,
2010-08-14,0.067,,,,,
2010-08-15,0.06529,,,,,
2010-08-16,0.0655,,,,,
2010-08-17,0.07,,,,,
2010-08-18,0.068,,,,,
2010-08-19,0.0667,,,,,
2010-08-20,0.0655,,,,,
2010-08-21,0.0664,,,,,
2010-08-22,0.066,,,,,
2010-08-23,0.06491,,,,,
2010-08-24,0.065,,,,,
2010-08-25,0.0648,,,,,
2010-08-26,0.064,,,,,
2010-08-27,0.065,,,,,
2010-08-28,0.0641,,,,,
2010-08-29,0.064,,,,,
2010-08-30,0.06497,,,,,
2010-08-31,0.06,,,,,
2010-09-01,0.0629,,,,,
2010-09-02,0.0634,,,,,
2010-09-03,0.06085,,,,,
2010-09-04,0.06238,,,,,
2010-09-05,0.0616,,,,,
2010-09-06,0.0616,,,,,
2010-09-07,0.061,,,,,
2010-09-08,0.062,,,,,
2010-09-09,0.06111,,,,,
2010-09-10,0.0618,,,,,
2010-09-11,0.06366,,,,,
2010-09-12,0.0615,,,,,
2010-09-13,0.06219,,,,,
2010-09-14,0.06199,,,,,
2010-09-15,0.0604,,,,,
2010-09-16,0.0619,,,,,
2010-09-17,0.059,,,,,
2010-09-18,0.061,,,,,
2010-09-19,0.0627,,,,,
2010-09-20,0.0621,,,,,
2010-09-21,0.06265,,,,,
2010-09-22,0.0622,,,,,
2010-09-23,0.06231,,,,,
2010-09-24,0.0622,,,,,
2010-09-25,0.06202,,,,,
2010-09-26,0.062,,,,,
2010-09-27,0.0622,,,,,
2010-09-28,0.0619,,,,,
2010-09-29,0.06191,,,,,
2010-09-30,0.0619,,,,,
2010-10-01,0.06197,,,,,
2010-10-02,0.0614,,,,,
2010-10-03,0.06111,,,,,
2010-10-04,0.0613,,,,,
2010-10-05,0.0614,,,,,
2010-10-06,0.06281,,,,,
2010-10-07,0.067,,,,,
2010-10-08,0.08685,,,,,
2010-10-09,0.0938,,,,,
2010-10-10,0.0965,,,,,
2010-10-11,0.095,,,,,
2010-10-12,0.0949,,,,,
2010-10-13,0.105,,,,,
2010-10-14,0.102,,,,,
2010-10-15,0.105,,,,,
2010-10-16,0.101,,,,,
2010-10-17,0.102,,,,,
2010-10-18,0.1024,,,,,
2010-10-19,0.097,,,,,
2010-10-20,0.099,,,,,
2010-10-21,0.107,,,,,
2010-10-22,0.1025,,,,,
2010-10-23,0.1055,,,,,
2010-10-24,0.115,,,,,
2010-10-25,0.132,,,,,
2010-10-26,0.1503,,,,,
2010-10-27,0.1877,,,,,
2010-10-28,0.1731,,,,,
2010-10-29,0.19,,,,,
2010-10-30,0.1989,,,,,
2010-11-01,0.1925,,,,,
2010-11-02,0.1955,,,,,
2010-11-03,0.1938,,,,,
2010-11-04,0.1931,,,,,
2010-11-05,0.23,,,,,
2010-11-06,0.26,,,,,
2010-11-07,0.39,,,,,
2010-11-08,0.34,,,,,
2010-11-09,0.243,,,,,
2010-11-10,0.21,,,,,
2010-11-11,0.24,,,,,
2010-11-12,0.2231,,,,,
2010-11-13,0.2682,,,,,
2010-11-14,0.276,,,,,
2010-11-15,0.279,,,,,
2010-11-16,0.2682,,,,,
2010-11-17,0.223,,,,,
2010-11-18,0.2299,,,,,
2010-11-19,0.2678,,,,,
2010-11-20,0.28,,,,,
2010-11-21,0.283,,,,,
2010-11-22,0.2767,,,,,
2010-11-23,0.2879,,,,,
2010-11-24,0.2829,,,,,
2010-11-25,0.283,,,,,
2010-11-26,0.28,,,,,
2010-11-27,0.2844,,,,,
2010-11-28,0.283,,,,,
2010-11-29,0.27,,,,,
2010-11-30,0.2299,,,,,
2010-12-01,0.2082,,,,,
2010-12-02,0.2275,,,,,
2010-12-03,0.255,,,,,
2010-12-04,0.251,,,,,
2010-12-05,0.205,,,,,
2010-12-06,0.19,,,,,
2010-12-07,0.204,,,,,
2010-12-08,0.233,,,,,
2010-12-09,0.2388,,,,,
2010-12-10,0.2,,,,,
2010-12-11,0.204,,,,,
2010-12-12,0.228,,,,,
2010-12-13,0.22,,,,,
2010-12-14,0.2299,,,,,
2010-12-15,0.2467,,,,,
2010-12-16,0.238,,,,,
2010-12-17,0.25,,,,,
2010-12-18,0.24,,,,,
2010-12-19,0.241,,,,,
2010-12-20,0.2401,,,,,
2010-12-21,0.267,,,,,
2010-12-22,0.24,,,,,
2010-12-23,0.25,,,,,
2010-12-24,0.25,,,,,
2010-12-25,0.248,,,,,
2010-12-26,0.2499,,,,,
2010-12-27,0.265,,,,,
2010-12-28,0.265,,,,,
2010-12-29,0.281,,,,,
2010-12-30,0.3,,,,,
2010-12-31,0.3,,,,,
2011-01-01,0.3,,,,,
2011-01-02,0.3,,,,,
2011-01-03,0.3,,,,,
2011-01-04,0.295,,,,,
2011-01-05,0.2989,,,,,
2011-01-06,0.299,,,,,
2011-01-07,0.298,,,,,
2011-01-08,0.32,,,,,
2011-01-09,0.3229,,,,,
2011-01-10,0.323,,,,,
2011-01-11,0.3266,,,,,
2011-01-12,0.3266,,,,,
2011-01-13,0.3188,,,,,
2011-01-14,0.3176,,,,,
2011-01-15,0.4,,,,,
2011-01-16,0.386,,,,,
2011-01-17,0.3868,,,,,
2011-01-18,0.3495,,,,,
2011-01-19,0.313,,,,,
2011-01-20,0.313,,,,,
2011-01-21,0.39,,,,,
2011-01-22,0.4199,,,,,
2011-01-23,0.4443,,,,,
2011-01-24,0.4424,,,,,
2011-01-25,0.4199,,,,,
2011-01-26,0.41,,,,,
2011-01-27,0.417,,,,,
2011-01-28,0.4212,,,,,
2011-01-29,0.446,,,,,
2011-01-30,0.439,,,,,
2011-01-31,0.4799,,,,,
2011-02-01,0.52,,,,,
2011-02-02,0.7,,,,,
2011-02-03,0.716,,,,,
2011-02-04,0.69,,,,,
2011-02-05,0.811,,,,,
2011-02-06,0.92,,,,,
2011-02-07,0.8997,,,,,
2011-02-08,0.89,,,,,
2011-02-09,0.918,,,,,
2011-02-10,1.09,,,,,
2011-02-11,0.9803,,,,,
2011-02-12,1.07,,,,,
2011-02-13,1.08,,,,,
2011-02-14,1.05,,,,,
2011-02-15,1.07,,,,,
2011-02-16,1.05,,,,,
2011-02-17,1.05,,,,,
2011-02-18,1.04,,,,,
2011-02-19,0.8989,,,,,
2011-02-20,0.949,,,,,
2011-02-21,0.85,,,,,
2011-02-22,0.8345,,,,,
2011-02-23,0.8702,,,,,
2011-02-24,0.9,,,,,
2011-02-25,0.9974,,,,,
2011-02-26,0.9111,,,,,
2011-02-27,0.958,,,,,
2011-02-28,0.89,,,,,
2011-03-01,0.86,,,,,
2011-03-02,0.9202,,,,,
2011-03-03,0.9399,,,,,
2011-03-04,0.9391,,,,,
2011-03-05,0.901,,,,,
2011-03-06,0.9103,,,,,
2011-03-07,0.8999,,,,,
2011-03-08,0.885,,,,,
2011-03-09,0.87,,,,,
2011-03-10,0.8645,,,,,
2011-03-11,0.9329,,,,,
2011-03-12,0.88,,,,,
2011-03-13,0.918,,,,,
2011-03-14,0.8925,,,,,
2011-03-15,0.8949,,,,,
2011-03-16,0.87,,,,,
2011-03-17,0.86,,,,,
2011-03-18,0.8254,,,,,
2011-03-19,0.8165,,,,,
2011-03-20,0.765,,,,,
2011-03-21,0.7411,,,,,
2011-03-22,0.759,,,,,
2011-03-23,0.809,,,,,
2011-03-24,0.8497,,,,,
2011-03-25,0.8669,,,,,
2011-03-26,0.8838,,,,,
2011-03-27,0.8552,,,,,
2011-03-27,0.82,,,,,
2011-03-28,0.799,,,,,
2011-03-29,0.7925,,,,,
2011-03-30,0.7897,,,,,
2011-03-31,0.7846,,,,,
2011-04-01,0.7741,,,,,
2011-04-02,0.782,,,,,
2011-04-03,0.779,,,,,
2011-04-04,0.68,,,,,
2011-04-05,0.71,,,,,
2011-04-06,0.74,,,,,
2011-04-07,0.7538,,,,,
2011-04-08,0.75,,,,,
2011-04-09,0.73,,,,,
2011-04-10,0.7369,,,,,
2011-04-11,0.77,,,,,
2011-04-12,0.86,,,,,
2011-04-13,0.9225,,,,,
2011-04-14,1,,,,,
2011-04-15,0.9899,,,,,
2011-04-16,1.05,,,,,
2011-04-17,1.11,,,,,
2011-04-18,1.16,,,,,
2011-04-19,1.2,,,,,
2011-04-20,1.14,,,,,
2011-04-21,1.21,,,,,
2011-04-22,1.41,,,,,
2011-04-23,1.7,,,,,
2011-04-24,1.63,,,,,
2011-04-25,1.56,,,,,
2011-04-26,1.79,,,,,
2011-04-27,1.9,,,,,
2011-04-28,2.21,,,,,
2011-04-29,2.88,,,,,
2011-04-30,3.5,,,,,
2011-05-01,3.03,,,,,
2011-05-02,3.2,,,,,
2011-05-03,3.41,,,,,
2011-05-04,3.41,,,,,
2011-05-05,3.33,,,,,
2011-05-06,3.45,,,,,
2011-05-07,3.64,,,,,
2011-05-08,3.87,,,,,
2011-05-09,3.8,,,,,
2011-05-10,5.81,,,,,
2011-05-11,5.5,,,,,
2011-05-12,6.3,,,,,
2011-05-13,8.2,,,,,
2011-05-14,7.2,,,,,
2011-05-15,6.99,,,,,
2011-05-16,8.03,,,,,
2011-05-17,7.19,,,,,
2011-05-18,6.88,,,,,
2011-05-19,6.81,,,,,
2011-05-20,5.59,,,,,
2011-05-21,6.12,,,,,
2011-05-22,6.69,,,,,
2011-05-23,7.15,,,,,
2011-05-24,7.42,,,,,
2011-05-25,8.4,,,,,
2011-05-26,8.8,,,,,
2011-05-27,8.5,,,,,
2011-05-28,8.3,,,,,
2011-05-29,8.43,,,,,
2011-05-30,8.8,,,,,
2011-05-31,8.74,,,,,
2011-06-01,9.57,,,,,
2011-06-02,10.6,,,,,
2011-06-03,14.29,,,,,
2011-06-04,18.889999,,,,,
2011-06-05,16.700001,,,,,
2011-06-06,18.549999,,,,,
2011-06-07,23.92,,,,,
2011-06-08,29.6,,,,,
2011-06-09,28.92,,,,,
2011-06-10,23.950001,,,,,
2011-06-11,14.65,,,,,
2011-06-12,18.549999,,,,,
2011-06-13,19.84,,,,,
2011-06-14,19.280001,,,,,
2011-06-15,19.49,,,,,
2011-06-16,17,,,,,
2011-06-17,15.68,,,,,
2011-06-18,16.889999,,,,,
2011-06-19,17.51,,,,,
2011-06-20,17.51,,,,,
2011-06-21,17.51,,,,,
2011-06-22,17.51,,,,,
2011-06-23,17.51,,,,,
2011-06-24,17.51,,,,,
2011-06-25,17.51,,,,,
2011-06-26,16.450001,,,,,
2011-06-27,16.75,,,,,
2011-06-28,16.950001,,,,,
2011-06-29,16.85,,,,,
2011-06-30,16.1,,,,,
2011-07-01,15.4,,,,,
2011-07-02,15.4,,,,,
2011-07-03,15.44,,,,,
2011-07-04,13.86,,,,,
2011-07-05,12.91,,,,,
2011-07-06,14.78,,,,,
2011-07-07,14.78,,,,,
2011-07-08,14.31,,,,,
2011-07-09,14.38,,,,,
2011-07-10,14.9,,,,,
2011-07-11,14.21,,,,,
2011-07-12,14.01,,,,,
2011-07-13,13.95,,,,,
2011-07-14,13.99,,,,,
2011-07-15,13.81,,,,,
2011-07-16,13.72,,,,,
2011-07-17,13.16,,,,,
2011-07-18,13.48,,,,,
2011-07-19,13.85,,,,,
2011-07-20,13.69,,,,,
2011-07-21,13.61,,,,,
2011-07-22,13.7,,,,,
2011-07-23,13.68,,,,,
2011-07-24,13.98,,,,,
2011-07-25,14.05,,,,,
2011-07-26,13.88,,,,,
2011-07-27,13.94,,,,,
2011-07-28,13.49,,,,,
2011-07-29,13.5,,,,,
2011-07-30,13.53,,,,,
2011-07-31,13.35,,,,,
2011-08-01,13.09,,,,,
2011-08-02,12.05,,,,,
2011-08-03,9.26,,,,,
2011-08-04,10.75,,,,,
2011-08-05,9.8,,,,,
2011-08-06,6.55,,,,,
2011-08-07,7.9,,,,,
2011-08-08,7.8,,,,,
2011-08-09,9.99,,,,,
2011-08-10,9.98,,,,,
2011-08-11,9.46,,,,,
2011-08-12,9.46,,,,,
2011-08-13,10.13,,,,,
2011-08-14,10.8,,,,,
2011-08-15,11.15,,,,,
2011-08-16,10.96,,,,,
2011-08-17,10.95,,,,,
2011-08-18,10.83,,,,,
2011-08-19,11.65,,,,,
2011-08-20,11.45,,,,,
2011-08-21,11.31,,,,,
2011-08-22,10.9,,,,,
2011-08-23,10.94,,,,,
2011-08-24,10.85,,,,,
2011-08-25,9.66,,,,,
2011-08-26,8.18,,,,,
2011-08-27,8.59,,,,,
2011-08-28,9.07,,,,,
2011-08-29,8.97,,,,,
2011-08-30,8.79,,,,,
2011-08-31,8.2,,,,,
2011-09-01,8.21,,,,,
2011-09-02,8.64,,,,,
2011-09-03,8.48,,,,,
2011-09-04,8.18,,,,,
2011-09-05,7.61,,,,,
2011-09-06,6.86,,,,,
2011-09-07,7.19,,,,,
2011-09-08,6.53,,,,,
2011-09-09,5.03,,,,,
2011-09-10,4.77,,,,,
2011-09-11,5.86,,,,,
2011-09-12,6.08,,,,,
2011-09-13,5.8,,,,,
2011-09-14,5.62,,,,,
2011-09-15,4.84,,,,,
2011-09-16,4.82,,,,,
2011-09-17,4.77,,,,,
2011-09-18,5.2,,,,,
2011-09-19,5.46,,,,,
2011-09-20,6.11,,,,,
2011-09-21,5.61,,,,,
2011-09-22,5.43,,,,,
2011-09-23,5.55,,,,,
2011-09-24,5.47,,,,,
2011-09-25,5.33,,,,,
2011-09-26,4.87,,,,,
2011-09-27,4.92,,,,,
2011-09-28,4.77,,,,,
2011-09-29,4.78,,,,,
2011-09-30,5.14,,,,,
2011-10-01,5.03,,,,,
2011-10-02,5.03,,,,,
2011-10-03,5.02,,,,,
2011-10-04,4.96,,,,,
2011-10-05,4.87,,,,,
2011-10-06,4.73,,,,,
2011-10-07,4.27,,,,,
2011-10-08,4.01,,,,,
2011-10-09,4.1,,,,,
2011-10-10,4.1,,,,,
2011-10-11,3.93,,,,,
2011-10-12,4.15,,,,,
2011-10-13,4.05,,,,,
2011-10-14,3.99,,,,,
2011-10-15,3.84,,,,,
2011-10-16,3.56,,,,,
2011-10-17,2.56,,,,,
2011-10-18,2.42,,,,,
2011-10-19,2.27,,,,,
2011-10-20,2.35,,,,,
2011-10-21,2.57,,,,,
2011-10-22,3.16,,,,,
2011-10-23,3.17,,,,,
2011-10-24,2.55,,,,,
2011-10-25,2.77,,,,,
2011-10-26,2.77,,,,,
2011-10-27,3.04,,,,,
2011-10-28,3.19,,,,,
2011-10-29,3.58,,,,,
2011-10-31,3.27,,,,,
2011-11-01,3.25,,,,,
2011-11-02,3.15,,,,,
2011-11-03,3.25,,,,,
2011-11-04,3.15,,,,,
2011-11-05,3.11,,,,,
2011-11-06,2.97,,,,,
2011-11-07,2.96,,,,,
2011-11-08,3.01,,,,,
2011-11-09,3.04,,,,,
2011-11-10,2.95,,,,,
2011-11-11,2.84,,,,,
2011-11-12,3.08,,,,,
2011-11-13,3.03,,,,,
2011-11-14,3,,,,,
2011-11-15,2.22,,,,,
2011-11-16,2.33,,,,,
2011-11-17,2.56,,,,,
2011-11-18,2.25,,,,,
2011-11-19,2.05,,,,,
2011-11-20,2.2,,,,,
2011-11-21,2.2,,,,,
2011-11-22,2.29,,,,,
2011-11-23,2.33,,,,,
2011-11-24,2.33,,,,,
2011-11-25,2.43,,,,,
2011-11-26,2.51,,,,,
2011-11-27,2.47,,,,,
2011-11-28,2.48,,,,,
2011-11-29,2.55,,,,,
2011-11-30,2.75,,,,,
2011-12-01,2.97,,,,,
2011-12-02,3.06,,,,,
2011-12-03,3.12,,,,,
2011-12-04,2.79,,,,,
2011-12-05,2.83,,,,,
2011-12-06,2.88,,,,,
2011-12-07,3.03,,,,,
2011-12-08,2.99,,,,,
2011-12-09,2.98,,,,,
2011-12-10,2.97,,,,,
2011-12-11,3.05,,,,,
2011-12-12,3.25,,,,,
2011-12-13,3.14,,,,,
2011-12-14,3.25,,,,,
2011-12-15,3.15,,,,,
2011-12-16,3.2,,,,,
2011-12-17,3.2,,,,,
2011-12-18,3.2,,,,,
2011-12-19,3.19,,,,,
2011-12-20,3.52,,,,,
2011-12-21,3.95,,,,,
2011-12-22,3.89,,,,,
2011-12-23,3.89,,,,,
2011-12-24,3.95,,,,,
2011-12-25,3.94,,,,,
2011-12-26,4.22,,,,,
2011-12-27,4.02,,,,,
2011-12-28,4.07,,,,,
2011-12-29,4.19,,,,,
2011-12-30,4.17,,,,,
2011-12-31,4.25,,,,,
2012-01-01,4.72,,,,,
2012-01-02,5.27,,,,,
2012-01-03,5.22,,,,,
2012-01-04,4.88,,,,,
2012-01-05,5.57,,,,,
2012-01-06,6.95,,,,,
2012-01-07,6.7,,,,,
2012-01-08,6.81,,,,,
2012-01-09,7.11,,,,,
2012-01-10,6.33,,,,,
2012-01-11,6.36,,,,,
2012-01-12,6.9,,,,,
2012-01-13,6.8,,,,,
2012-01-14,6.41,,,,,
2012-01-15,6.75,,,,,
2012-01-16,7,,,,,
2012-01-17,6.68,,,,,
2012-01-18,5.6,,,,,
2012-01-19,5.92,,,,,
2012-01-20,6.36,,,,,
2012-01-21,6.49,,,,,
2012-01-22,6.18,,,,,
2012-01-23,6.31,,,,,
2012-01-24,6.36,,,,,
2012-01-25,6.29,,,,,
2012-01-26,5.75,,,,,
2012-01-27,5.34,,,,,
2012-01-28,5.29,,,,,
2012-01-29,5.63,,,,,
2012-01-30,5.38,,,,,
2012-01-31,5.49,,,,,
2012-02-01,5.48,,,,,
2012-02-02,6.08,,,,,
2012-02-03,6.1,,,,,
2012-02-04,5.96,,,,,
2012-02-05,5.87,,,,,
2012-02-06,5.69,,,,,
2012-02-07,5.45,,,,,
2012-02-08,5.69,,,,,
2012-02-09,5.6,,,,,
2012-02-10,5.83,,,,,
2012-02-11,5.91,,,,,
2012-02-12,5.6,,,,,
2012-02-13,5.51,,,,,
2012-02-14,5.26,,,,,
2012-02-15,4.46,,,,,
2012-02-16,4.33,,,,,
2012-02-17,4.27,,,,,
2012-02-18,4.41,,,,,
2012-02-19,4.22,,,,,
2012-02-20,4.39,,,,,
2012-02-21,4.36,,,,,
2012-02-22,4.27,,,,,
2012-02-23,4.42,,,,,
2012-02-24,5.01,,,,,
2012-02-25,5.03,,,,,
2012-02-26,4.77,,,,,
2012-02-27,4.92,,,,,
2012-02-28,4.96,,,,,
2012-02-29,4.87,,,,,
2012-03-01,4.86,,,,,
2012-03-02,4.92,,,,,
2012-03-03,4.7,,,,,
2012-03-04,4.61,,,,,
2012-03-05,4.82,,,,,
2012-03-06,4.98,,,,,
2012-03-07,4.99,,,,,
2012-03-08,4.94,,,,,
2012-03-09,4.93,,,,,
2012-03-10,4.86,,,,,
2012-03-11,4.83,,,,,
2012-03-12,4.91,,,,,
2012-03-13,4.89,,,,,
2012-03-14,5.27,,,,,
2012-03-15,5.38,,,,,
2012-03-16,5.33,,,,,
2012-03-17,5.34,,,,,
2012-03-18,5.22,,,,,
2012-03-19,5.28,,,,,
2012-03-20,4.69,,,,,
2012-03-21,4.84,,,,,
2012-03-22,4.81,,,,,
2012-03-23,4.7,,,,,
2012-03-24,4.69,,,,,
2012-03-25,4.68,,,,,
2012-03-25,4.55,,,,,
2012-03-26,4.62,,,,,
2012-03-27,4.81,,,,,
2012-03-28,4.79,,,,,
2012-03-29,4.81,,,,,
2012-03-30,4.86,,,,,
2012-03-31,4.91,,,,,
2012-04-01,4.83,,,,,
2012-04-02,4.97,,,,,
2012-04-03,4.95,,,,,
2012-04-04,4.91,,,,,
2012-04-05,4.92,,,,,
2012-04-06,4.95,,,,,
2012-04-07,4.69,,,,,
2012-04-08,4.79,,,,,
2012-04-09,4.87,,,,,
2012-04-10,4.84,,,,,
2012-04-11,4.93,,,,,
2012-04-12,4.92,,,,,
2012-04-13,4.94,,,,,
2012-04-14,4.96,,,,,
2012-04-15,4.97,,,,,
2012-04-16,4.93,,,,,
2012-04-17,4.98,,,,,
2012-04-18,5.12,,,,,
2012-04-19,5.14,,,,,
2012-04-20,5.35,,,,,
2012-04-21,5.26,,,,,
2012-04-22,5.2,,,,,
2012-04-23,4.96,,,,,
2012-04-24,5.1,,,,,
2012-04-25,5.13,,,,,
2012-04-26,5.1,,,,,
2012-04-27,5.11,,,,,
2012-04-28,4.98,,,,,
2012-04-29,4.9,,,,,
2012-04-30,4.95,,,,,
2012-05-01,5,,,,,
2012-05-02,5.07,,,,,
2012-05-03,5.13,,,,,
2012-05-04,5.07,,,,,
2012-05-05,5.08,,,,,
2012-05-06,5.05,,,,,
2012-05-07,5.06,,,,,
2012-05-08,5.05,,,,,
2012-05-09,5.04,,,,,
2012-05-10,4.85,,,,,
2012-05-11,4.96,,,,,
2012-05-12,4.95,,,,,
2012-05-13,4.93,,,,,
2012-05-14,5.01,,,,,
2012-05-15,5.04,,,,,
2012-05-16,5.09,,,,,
2012-05-17,5.1,,,,,
2012-05-18,5.12,,,,,
2012-05-19,5.1,,,,,
2012-05-20,5.09,,,,,
2012-05-21,5.1,,,,,
2012-05-22,5.1,,,,,
2012-05-23,5.14,,,,,
2012-05-24,5.12,,,,,
2012-05-25,5.15,,,,,
2012-05-26,5.1,,,,,
2012-05-27,5.14,,,,,
2012-05-28,5.14,,,,,
2012-05-29,5.15,,,,,
2012-05-30,5.14,,,,,
2012-05-31,5.18,,,,,
2012-06-01,5.27,,,,,
2012-06-02,5.25,,,,,
2012-06-03,5.21,,,,,
2012-06-04,5.27,,,,,
2012-06-05,5.44,,,,,
2012-06-06,5.46,,,,,
2012-06-07,5.59,,,,,
2012-06-08,5.63,,,,,
2012-06-09,5.56,,,,,
2012-06-10,5.47,,,,,
2012-06-11,5.57,,,,,
2012-06-12,5.7,,,,,
2012-06-13,5.93,,,,,
2012-06-14,5.95,,,,,
2012-06-15,6.5,,,,,
2012-06-16,6.4,,,,,
2012-06-17,6.16,,,,,
2012-06-18,6.31,,,,,
2012-06-19,6.5,,,,,
2012-06-20,6.67,,,,,
2012-06-21,6.68,,,,,
2012-06-22,6.55,,,,,
2012-06-23,6.43,,,,,
2012-06-24,6.35,,,,,
2012-06-25,6.3,,,,,
2012-06-26,6.42,,,,,
2012-06-27,6.65,,,,,
2012-06-28,6.61,,,,,
2012-06-29,6.65,,,,,
2012-06-30,6.69,,,,,
2012-07-01,6.63,,,,,
2012-07-02,6.76,,,,,
2012-07-03,6.45,,,,,
2012-07-04,6.51,,,,,
2012-07-05,6.67,,,,,
2012-07-06,6.65,,,,,
2012-07-07,6.76,,,,,
2012-07-08,6.8,,,,,
2012-07-09,7.02,,,,,
2012-07-10,7.2,,,,,
2012-07-11,7.15,,,,,
2012-07-12,7.76,,,,,
2012-07-13,7.67,,,,,
2012-07-14,7.54,,,,,
2012-07-15,7.62,,,,,
2012-07-16,8.5,,,,,
2012-07-17,8.8,,,,,
2012-07-18,9.11,,,,,
2012-07-19,8.87,,,,,
2012-07-20,8.52,,,,,
2012-07-21,8.85,,,,,
2012-07-22,8.41,,,,,
2012-07-23,8.45,,,,,
2012-07-24,8.6,,,,,
2012-07-25,8.8,,,,,
2012-07-26,8.9,,,,,
2012-07-27,8.9,,,,,
2012-07-28,8.89,,,,,
2012-07-29,8.71,,,,,
2012-07-30,9.1,,,,,
2012-07-31,9.35,,,,,
2012-08-01,9.55,,,,,
2012-08-02,10.53,,,,,
2012-08-03,10.97,,,,,
2012-08-04,10.98,,,,,
2012-08-05,10.87,,,,,
2012-08-06,10.86,,,,,
2012-08-07,11.1,,,,,
2012-08-08,11.06,,,,,
2012-08-09,11.06,,,,,
2012-08-10,11.39,,,,,
2012-08-11,11.51,,,,,
2012-08-12,11.62,,,,,
2012-08-13,12.04,,,,,
2012-08-14,12.19,,,,,
2012-08-15,13.25,,,,,
2012-08-16,13.5,,,,,
2012-08-17,11.58,,,,,
2012-08-18,11.61,,,,,
2012-08-19,8,,,,,
2012-08-20,10.1,,,,,
2012-08-21,9.92,,,,,
2012-08-22,9.81,,,,,
2012-08-23,10.1,,,,,
2012-08-24,10.6,,,,,
2012-08-25,10.52,,,,,
2012-08-26,10.61,,,,,
2012-08-27,10.95,,,,,
2012-08-28,10.94,,,,,
2012-08-29,10.92,,,,,
2012-08-30,10.78,,,,,
2012-08-31,10.16,,,,,
2012-09-01,9.97,,,,,
2012-09-02,10.2,,,,,
2012-09-03,10.53,,,,,
2012-09-04,10.38,,,,,
2012-09-05,11,,,,,
2012-09-06,11.18,,,,,
2012-09-07,11,,,,,
2012-09-08,11.04,,,,,
2012-09-09,11.02,,,,,
2012-09-10,11.17,,,,,
2012-09-11,11.33,,,,,
2012-09-12,11.36,,,,,
2012-09-13,11.4,,,,,
2012-09-14,11.67,,,,,
2012-09-15,11.75,,,,,
2012-09-16,11.87,,,,,
2012-09-17,11.89,,,,,
2012-09-18,12.25,,,,,
2012-09-19,12.57,,,,,
2012-09-20,12.28,,,,,
2012-09-21,12.37,,,,,
2012-09-22,12.24,,,,,
2012-09-23,12.19,,,,,
2012-09-24,12.1,,,,,
2012-09-25,12.2,,,,,
2012-09-26,12.27,,,,,
2012-09-27,12.31,,,,,
2012-09-28,12.39,,,,,
2012-09-29,12.36,,,,,
2012-09-30,12.4,,,,,
2012-10-01,12.4,,,,,
2012-10-02,12.84,,,,,
2012-10-03,12.89,,,,,
2012-10-04,12.85,,,,,
2012-10-05,12.69,,,,,
2012-10-06,12.51,,,,,
2012-10-07,11.8,,,,,
2012-10-08,11.78,,,,,
2012-10-09,11.9,,,,,
2012-10-10,12.12,,,,,
2012-10-11,12.03,,,,,
2012-10-12,12,,,,,
2012-10-13,11.86,,,,,
2012-10-14,11.74,,,,,
2012-10-15,11.84,,,,,
2012-10-16,11.85,,,,,
2012-10-17,11.81,,,,,
2012-10-18,11.94,,,,,
2012-10-19,11.74,,,,,
2012-10-20,11.74,,,,,
2012-10-21,11.63,,,,,
2012-10-22,11.71,,,,,
2012-10-23,11.65,,,,,
2012-10-24,11.65,,,,,
2012-10-25,10.86,,,,,
2012-10-26,10.17,,,,,
2012-10-27,10.26,,,,,
2012-10-29,10.7,,,,,
2012-10-30,10.6,,,,,
2012-10-31,10.89,,,,,
2012-11-01,11.2,,,,,
2012-11-02,10.57,,,,,
2012-11-03,10.47,,,,,
2012-11-04,10.64,,,,,
2012-11-05,10.8,,,,,
2012-11-06,10.75,,,,,
2012-11-07,10.9,,,,,
2012-11-08,10.92,,,,,
2012-11-09,10.93,,,,,
2012-11-10,10.82,,,,,
2012-11-11,10.89,,,,,
2012-11-12,10.87,,,,,
2012-11-13,11.01,,,,,
2012-11-14,10.95,,,,,
2012-11-15,10.95,,,,,
2012-11-16,11.2,,,,,
2012-11-17,11.75,,,,,
2012-11-18,11.79,,,,,
2012-11-19,11.65,,,,,
2012-11-20,11.8,,,,,
2012-11-21,11.73,,,,,
2012-11-22,11.77,,,,,
2012-11-23,12.42,,,,,
2012-11-24,12.35,,,,,
2012-11-25,12.41,,,,,
2012-11-26,12.48,,,,,
2012-11-27,12.25,,,,,
2012-11-28,12.2,,,,,
2012-11-29,12.35,,,,,
2012-11-30,12.45,,,,,
2012-12-01,12.57,,,,,
2012-12-02,12.56,,,,,
2012-12-03,12.5,,,,,
2012-12-04,12.68,,,,,
2012-12-05,13.41,,,,,
2012-12-06,13.38,,,,,
2012-12-07,13.3,,,,,
2012-12-08,13.5,,,,,
2012-12-09,13.42,,,,,
2012-12-10,13.39,,,,,
2012-12-11,13.43,,,,,
2012-12-12,13.56,,,,,
2012-12-13,13.7,,,,,
2012-12-14,13.7,,,,,
2012-12-15,13.6,,,,,
2012-12-16,13.49,,,,,
2012-12-17,13.3,,,,,
2012-12-18,13.25,,,,,
2012-12-19,13.3,,,,,
2012-12-20,13.6,,,,,
2012-12-21,13.52,,,,,
2012-12-22,13.5,,,,,
2012-12-23,13.37,,,,,
2012-12-24,13.31,,,,,
2012-12-25,13.38,,,,,
2012-12-26,13.35,,,,,
2012-12-27,13.47,,,,,
2012-12-28,13.42,,,,,
2012-12-29,13.42,,,,,
2012-12-30,13.4,,,,,
2012-12-31,13.45,,,,,
2013-01-01,13.51,,,,,
2013-01-02,13.3,,,,,
2013-01-03,13.28,,,,,
2013-01-04,13.4,,,,,
2013-01-05,13.5,,,,,
2013-01-06,13.44,,,,,
2013-01-07,13.45,,,,,
2013-01-08,13.59,,,,,
2013-01-09,13.74,,,,,
2013-01-10,13.77,,,,,
2013-01-11,14.14,,,,,
2013-01-12,14.14,,,,,
2013-01-13,14.24,,,,,
2013-01-14,14.12,,,,,
2013-01-15,14.3,,,,,
2013-01-16,14.25,,,,,
2013-01-17,14.73,,,,,
2013-01-18,15.5,,,,,
2013-01-19,15.7,,,,,
2013-01-20,15.62,,,,,
2013-01-21,15.7,,,,,
2013-01-22,16.799999,,,,,
2013-01-23,17.26,,,,,
2013-01-24,17.5,,,,,
2013-01-25,16.9,,,,,
2013-01-26,17.4,,,,,
2013-01-27,17.879999,,,,,
2013-01-28,17.82,,,,,
2013-01-29,18.719999,,,,,
2013-01-30,19.530001,,,,,
2013-01-31,19.700001,,,,,
2013-02-01,20.41,,,,,
2013-02-02,20.5,,,,,
2013-02-03,19.629999,,,,,
2013-02-04,20.59,,,,,
2013-02-05,20.43,,,,,
2013-02-06,20.6,,,,,
2013-02-07,21.18,,,,,
2013-02-08,22.15,,,,,
2013-02-09,22.66,,,,,
2013-02-10,23.65,,,,,
2013-02-11,23.969999,,,,,
2013-02-12,24.65,,,,,
2013-02-13,25.17,,,,,
2013-02-14,24.200001,,,,,
2013-02-15,27.219999,,,,,
2013-02-16,27.1,,,,,
2013-02-17,27.219999,,,,,
2013-02-18,26.809999,,,,,
2013-02-19,26.950001,,,,,
2013-02-20,29.42,,,,,
2013-02-21,29.65,,,,,
2013-02-22,29.75,,,,,
2013-02-23,30.25,,,,,
2013-02-24,29.799999,,,,,
2013-02-25,29.889999,,,,,
2013-02-26,30.4,,,,,
2013-02-27,31.1,,,,,
2013-02-28,30.9,,,,,
2013-03-01,33.380001,,,,,
2013-03-02,34.5,,,,,
2013-03-03,34.25,,,,,
2013-03-04,34.5,,,,,
2013-03-05,36.150002,,,,,
2013-03-06,40.330002,,,,,
2013-03-07,41.02,,,,,
2013-03-08,42,,,,,
2013-03-09,44.18,,,,,
2013-03-10,46.849998,,,,,
2013-03-11,46,,,,,
2013-03-12,48.400002,,,,,
2013-03-13,44.290001,,,,,
2013-03-14,46.919998,,,,,
2013-03-15,47.169998,,,,,
2013-03-16,46.950001,,,,,
2013-03-17,47,,,,,
2013-03-18,47.400002,,,,,
2013-03-19,51.599998,,,,,
2013-03-20,59.139999,,,,,
2013-03-21,64.489998,,,,,
2013-03-22,70.849998,,,,,
2013-03-23,69.870003,,,,,
2013-03-24,64.349998,,,,,
2013-03-25,71.5,,,,,
2013-03-26,73.599998,,,,,
2013-03-27,78.5,,,,,
2013-03-28,88.919998,,,,,
2013-03-29,86.18,,,,,
2013-03-30,90.5,,,,,
2013-03-31,92.190002,,,,,
2013-03-31,93.029999,,,,,
2013-04-01,104,,,,,
2013-04-02,117.980003,,,,,
2013-04-03,135,,,,,
2013-04-04,132.119995,,,,,
2013-04-05,142.320007,,,,,
2013-04-06,142.630005,,,,,
2013-04-07,162.300003,,,,,
2013-04-08,187.5,,,,,
2013-04-09,230,,,,,
2013-04-10,165,,,,,
2013-04-11,124.900002,,,,,
2013-04-12,117,,,,,
2013-04-13,93,,,,,
2013-04-14,90,,,,,
2013-04-15,82.389999,,,,,
2013-04-16,68.360001,,,,,
2013-04-17,93.07,,,,,
2013-04-18,109.010002,,,,,
2013-04-19,118.480003,,,,,
2013-04-20,126.620003,,,,,
2013-04-21,119.199997,,,,,
2013-04-22,127.400002,,,,,
2013-04-23,143.479996,,,,,
2013-04-24,154.199997,,,,,
2013-04-25,141.710007,,,,,
2013-04-26,136.899994,,,,,
2013-04-27,128,,,,,
2013-04-28,134.440002,,,,,
2013-04-29,144,,,,,
2013-04-30,139.229996,,,,,
2013-05-01,116.379997,,,,,
2013-05-02,106.25,,,,,
2013-05-03,98.099998,,,,,
2013-05-04,112.900002,,,,,
2013-05-05,115.980003,,,,,
2013-05-06,112.25,,,,,
2013-05-07,109.599998,,,,,
2013-05-08,113.199997,,,,,
2013-05-09,112.800003,,,,,
2013-05-10,117.699997,,,,,
2013-05-11,115.639999,,,,,
2013-05-12,114.82,,,,,
2013-05-13,117.980003,,,,,
2013-05-14,111.400002,,,,,
2013-05-15,114.220001,,,,,
2013-05-16,118.209999,,,,,
2013-05-17,123.5,,,,,
2013-05-18,123.209999,,,,,
2013-05-19,122.5,,,,,
2013-05-20,122.019997,,,,,
2013-05-21,122.889999,,,,,
2013-05-22,123.800003,,,,,
2013-05-23,126.300003,,,,,
2013-05-24,133.100006,,,,,
2013-05-25,131.990005,,,,,
2013-05-26,133.5,,,,,
2013-05-27,129.770004,,,,,
2013-05-28,129,,,,,
2013-05-29,132.25,,,,,
2013-05-30,128.800003,,,,,
2013-05-31,128.820007,,,,,
2013-06-01,129.300003,,,,,
2013-06-02,122.5,,,,,
2013-06-03,120.739998,,,,,
2013-06-04,121.400002,,,,,
2013-06-05,121.900002,,,,,
2013-06-06,118.970001,,,,,
2013-06-07,111,,,,,
2013-06-08,107.889999,,,,,
2013-06-09,100.440002,,,,,
2013-06-10,106.349998,,,,,
2013-06-11,109,,,,,
2013-06-12,108.779999,,,,,
2013-06-13,103.949997,,,,,
2013-06-14,100,,,,,
2013-06-15,99.800003,,,,,
2013-06-16,99.900002,,,,,
2013-06-17,101.949997,,,,,
2013-06-18,107.349998,,,,,
2013-06-19,108.25,,,,,
2013-06-20,111.290001,,,,,
2013-06-21,109.5,,,,,
2013-06-22,108.199997,,,,,
2013-06-23,107.900002,,,,,
2013-06-24,102.089996,,,,,
2013-06-25,103.330002,,,,,
2013-06-26,104,,,,,
2013-06-27,101.739998,,,,,
2013-06-28,94.660004,,,,,
2013-06-29,95,,,,,
2013-06-30,97.510002,,,,,
2013-07-01,88.050003,,,,,
2013-07-02,90.410004,,,,,
2013-07-03,78.889999,,,,,
2013-07-04,80.040001,,,,,
2013-07-05,68.5,,,,,
2013-07-06,69.660004,,,,,
2013-07-07,76.5,,,,,
2013-07-08,76,,,,,
2013-07-09,76.699997,,,,,
2013-07-10,88,,,,,
2013-07-11,88.980003,,,,,
2013-07-12,93.989998,,,,,
2013-07-13,98.32,,,,,
2013-07-14,94.419998,,,,,
2013-07-15,98.889999,,,,,
2013-07-16,97.099998,,,,,
2013-07-17,98.5,,,,,
2013-07-18,90.07,,,,,
2013-07-19,92,,,,,
2013-07-20,89.82,,,,,
2013-07-21,92,,,,,
2013-07-22,91.599998,,,,,
2013-07-23,95.559998,,,,,
2013-07-24,95.089996,,,,,
2013-07-25,96.949997,,,,,
2013-07-26,96.019997,,,,,
2013-07-27,94.400002,,,,,
2013-07-28,98.779999,,,,,
2013-07-29,101.480003,,,,,
2013-07-30,107.959999,,,,,
2013-07-31,106.209999,,,,,
2013-08-01,104,,,,,
2013-08-02,104.5,,,,,
2013-08-03,104.949997,,,,,
2013-08-04,105.120003,,,,,
2013-08-05,106.720001,,,,,
2013-08-06,106.559998,,,,,
2013-08-07,105.989998,,,,,
2013-08-08,103.050003,,,,,
2013-08-09,102.800003,,,,,
2013-08-10,103,,,,,
2013-08-11,105,,,,,
2013-08-12,106.809998,,,,,
2013-08-13,109.599998,,,,,
2013-08-14,112.559998,,,,,
2013-08-15,109.989998,,,,,
2013-08-16,108.989998,,,,,
2013-08-17,112.75,,,,,
2013-08-18,113.379997,,,,,
2013-08-19,118.5,,,,,
2013-08-20,121.199997,,,,,
2013-08-21,123.300003,,,,,
2013-08-22,122,,,,,
2013-08-23,118.510002,,,,,
2013-08-24,119.599998,,,,,
2013-08-25,122.110001,,,,,
2013-08-26,120.07,,,,,
2013-08-27,131.289993,,,,,
2013-08-28,128.759995,,,,,
2013-08-29,129.300003,,,,,
2013-08-30,138.029999,,,,,
2013-08-31,141,,,,,
2013-09-01,146.009995,,,,,
2013-09-02,144,,,,,
2013-09-03,144,,,,,
2013-09-04,132.509995,,,,,
2013-09-05,130.199997,,,,,
2013-09-06,121.900002,,,,,
2013-09-07,128.990005,,,,,
2013-09-08,126.32,,,,,
2013-09-09,133.100006,,,,,
2013-09-10,132.619995,,,,,
2013-09-11,142.100006,,,,,
2013-09-12,139.350006,,,,,
2013-09-13,140.660004,,,,,
2013-09-14,136.710007,,,,,
2013-09-15,138.300003,,,,,
2013-09-16,139.419998,,,,,
2013-09-17,139.149994,,,,,
2013-09-18,140.410004,,,,,
2013-09-19,135.050003,,,,,
2013-09-20,133.809998,,,,,
2013-09-21,134.380005,,,,,
2013-09-22,134,,,,,
2013-09-23,133.399994,,,,,
2013-09-24,134.779999,,,,,
2013-09-25,135,,,,,
2013-09-26,137.100006,,,,,
2013-09-27,138.929993,,,,,
2013-09-28,142.5,,,,,
2013-09-29,143.880005,,,,,
2013-09-30,141.899994,,,,,
2013-10-01,140.300003,,,,,
2013-10-02,123,,,,,
2013-10-03,130.990005,,,,,
2013-10-04,136.820007,,,,,
2013-10-05,136.699997,,,,,
2013-10-06,137.800003,,,,,
2013-10-07,135.800003,,,,,
2013-10-08,136.490005,,,,,
2013-10-09,139.5,,,,,
2013-10-10,140.410004,,,,,
2013-10-11,140.100006,,,,,
2013-10-12,142.889999,,,,,
2013-10-13,147.529999,,,,,
2013-10-14,151.369995,,,,,
2013-10-15,158.089996,,,,,
2013-10-16,152.820007,,,,,
2013-10-17,157.589996,,,,,
2013-10-18,168.279999,,,,,
2013-10-19,183.149994,,,,,
2013-10-20,186.100006,,,,,
2013-10-21,192.779999,,,,,
2013-10-22,202.990005,,,,,
2013-10-23,227.970001,,,,,
2013-10-24,206.979996,,,,,
2013-10-25,197.880005,,,,,
2013-10-26,188.559998,,,,,
2013-10-28,206.910004,,,,,
2013-10-29,206.899994,,,,,
2013-10-30,216,,,,,
2013-10-31,208,,,,,
2013-11-01,211.169998,,,,,
2013-11-02,213.429993,,,,,
2013-11-03,211.690002,,,,,
2013-11-04,224,,,,,
2013-11-05,238.160004,,,,,
2013-11-06,251.300003,,,,,
2013-11-07,264.100006,,,,,
2013-11-08,309.649994,,,,,
2013-11-09,355,,,,,
2013-11-10,367.790009,,,,,
2013-11-11,336.320007,,,,,
2013-11-12,362.980011,,,,,
2013-11-13,380.040009,,,,,
2013-11-14,434.850006,,,,,
2013-11-15,433.399994,,,,,
2013-11-16,433.920013,,,,,
2013-11-17,461.959991,,,,,
2013-11-18,528.299988,,,,,
2013-11-19,785.429993,,,,,
2013-11-20,645.690002,,,,,
2013-11-21,637.969971,,,,,
2013-11-22,764.909973,,,,,
2013-11-23,802,,,,,
2013-11-24,832.5,,,,,
2013-11-25,795.01001,,,,,
2013-11-26,829.98999,,,,,
2013-11-27,969.960022,,,,,
2013-11-28,1079.890015,,,,,
2013-11-29,1101.380005,,,,,
2013-11-30,1206.930054,,,,,
2013-12-01,1205.660034,,,,,
2013-12-02,1004.390015,,,,,
2013-12-03,1096.560059,,,,,
2013-12-04,1154.859985,,,,,
2013-12-05,1237.550049,,,,,
2013-12-06,1106.349976,,,,,
2013-12-07,845.02002,,,,,
2013-12-08,697.02002,,,,,
2013-12-09,803.960022,,,,,
2013-12-10,918.950012,,,,,
2013-12-11,1033.719971,,,,,
2013-12-12,919.929993,,,,,
2013-12-13,899.97998,,,,,
2013-12-14,936.77002,,,,,
2013-12-15,908.940002,,,,,
2013-12-16,919.880005,,,,,
2013-12-17,759.919983,,,,,
2013-12-18,714.969971,,,,,
2013-12-19,540.97998,,,,,
2013-12-20,731.950012,,,,,
2013-12-21,649.960022,,,,,
2013-12-22,640.47998,,,,,
2013-12-23,639.48999,,,,,
2013-12-24,713.23999,,,,,
2013-12-25,702.75,,,,,
2013-12-26,707.25,,,,,
2013-12-27,801.97998,,,,,
2013-12-28,803.049988,,,,,
2013-12-29,761.98999,,,,,
2013-12-30,784.960022,,,,,
2013-12-31,804.830017,,,,,
2014-01-01,805.940002,,,,,
2014-01-02,815.940002,,,,,
2014-01-03,856.909973,,,,,
2014-01-04,884.26001,,,,,
2014-01-05,924.690002,,,,,
2014-01-06,1014.73999,,,,,
2014-01-07,1012.650024,,,,,
2014-01-08,879.900024,,,,,
2014-01-09,938.840027,,,,,
2014-01-10,936.950012,,,,,
2014-01-11,957.76001,,,,,
2014-01-12,1005.320007,,,,,
2014-01-13,939.789978,,,,,
2014-01-14,922.909973,,,,,
2014-01-15,919.280029,,,,,
2014-01-16,941.219971,,,,,
2014-01-17,913.48999,,,,,
2014-01-18,894.159973,,,,,
2014-01-19,905.719971,,,,,
2014-01-20,954.799988,,,,,
2014-01-21,955.950012,,,,,
2014-01-22,962.210022,,,,,
2014-01-23,950.950012,,,,,
2014-01-24,944.159973,,,,,
2014-01-25,916.549988,,,,,
2014-01-26,961.049988,,,,,
2014-01-27,1007,,,,,
2014-01-28,943.539978,,,,,
2014-01-29,932.679993,,,,,
2014-01-30,925.669983,,,,,
2014-01-31,941.390015,,,,,
2014-02-01,938.849976,,,,,
2014-02-02,940.419983,,,,,
2014-02-03,953.309998,,,,,
2014-02-04,931.710022,,,,,
2014-02-05,926.640015,,,,,
2014-02-06,904.52002,,,,,
2014-02-07,828.869995,,,,,
2014-02-08,695.650024,,,,,
2014-02-09,648.780029,,,,,
2014-02-10,659.570007,,,,,
2014-02-11,582.630005,,,,,
2014-02-12,578.960022,,,,,
2014-02-13,531.130005,,,,,
2014-02-14,451.440002,,,,,
2014-02-15,427.679993,,,,,
2014-02-16,371.070007,,,,,
2014-02-17,299.799988,,,,,
2014-02-18,272.279999,,,,,
2014-02-19,293.950012,,,,,
2014-02-20,261.529999,,,,,
2014-02-21,111.919998,,,,,
2014-02-22,111.559998,,,,,
2014-02-23,255.589996,,,,,
2014-02-24,310.170013,,,,,
2014-02-25,174,,,,,
2014-02-26,135.779999,,,,,
2014-02-27,593.140015,,,,,
2014-02-28,596.48999,,,,,
2014-03-01,573.940002,,,,,
2014-03-02,557.390015,,,,,
2014-03-03,544.559998,,,,,
2014-03-04,662.179993,,,,,
2014-03-05,661.849976,,,,,
2014-03-06,658.299988,,,,,
2014-03-07,648.26001,,,,,
2014-03-08,616.72998,,,,,
2014-03-09,609.210022,,,,,
2014-03-10,627.049988,,,,,
2014-03-11,612.969971,,,,,
2014-03-12,608.690002,,,,,
2014-03-13,619.429993,,,,,
2014-03-14,625.039978,,,,,
2014-03-15,614.030029,,,,,
2014-03-16,624.030029,,,,,
2014-03-17,619.140015,,,,,
2014-03-18,606.380005,,,,,
2014-03-19,598.929993,,,,,
2014-03-20,594.960022,,,,,
2014-03-21,565.98999,,,,,
2014-03-22,549.599976,,,,,
2014-03-23,564.340027,,,,,
2014-03-24,551.159973,,,,,
2014-03-25,567.559998,,,,,
2014-03-26,562.890015,,,,,
2014-03-27,562.450012,,,,,
2014-03-28,460.450012,,,,,
2014-03-29,482.609985,,,,,
2014-03-30,477.109985,,,,,
2014-03-30,446.920013,,,,,
2014-03-31,444.660004,,,,,
2014-04-01,463.450012,,,,,
2014-04-02,424.369995,,,,,
2014-04-03,436.309998,,,,,
2014-04-04,444.359985,,,,,
2014-04-05,456.630005,,,,,
2014-04-06,455.690002,,,,,
2014-04-07,462.380005,,,,,
2014-04-08,466.559998,,,,,
2014-04-09,457.339996,,,,,
2014-04-10,384.630005,,,,,
2014-04-11,435.140015,,,,,
2014-04-12,437.649994,,,,,
2014-04-13,427.600006,,,,,
2014-04-14,478.380005,,,,,
2014-04-15,526.429993,,,,,
2014-04-16,536.950012,,,,,
2014-04-17,502,,,,,
2014-04-18,485.519989,,,,,
2014-04-19,506.019989,,,,,
2014-04-20,498.51001,,,,,
2014-04-21,495.160004,,,,,
2014-04-22,487.910004,,,,,
2014-04-23,487.299988,,,,,
2014-04-24,500.290009,,,,,
2014-04-25,464.48999,,,,,
2014-04-26,457.869995,,,,,
2014-04-27,443.179993,,,,,
2014-04-28,441.920013,,,,,
2014-04-29,446.119995,,,,,
2014-04-30,445.630005,,,,,
2014-05-01,460.130005,,,,,
2014-05-02,453.670013,,,,,
2014-05-03,438.649994,,,,,
2014-05-04,436.049988,,,,,
2014-05-05,430.869995,,,,,
2014-05-06,432.190002,,,,,
2014-05-07,446.549988,,,,,
2014-05-08,441.109985,,,,,
2014-05-09,445.450012,,,,,
2014-05-10,451.899994,,,,,
2014-05-11,433.230011,,,,,
2014-05-12,438.209991,,,,,
2014-05-13,433.920013,,,,,
2014-05-14,442.630005,,,,,
2014-05-15,448.100006,,,,,
2014-05-16,453.630005,,,,,
2014-05-17,452.790009,,,,,
2014-05-18,450.140015,,,,,
2014-05-19,443.899994,,,,,
2014-05-20,484.570007,,,,,
2014-05-21,488.839996,,,,,
2014-05-22,515.359985,,,,,
2014-05-23,518.090027,,,,,
2014-05-24,520.460022,,,,,
2014-05-25,570.440002,,,,,
2014-05-26,582.01001,,,,,
2014-05-27,570.099976,,,,,
2014-05-28,570.840027,,,,,
2014-05-29,564.419983,,,,,
2014-05-30,612.349976,,,,,
2014-05-31,627.909973,,,,,
2014-06-01,649.789978,,,,,
2014-06-02,655.48999,,,,,
2014-06-03,669.429993,,,,,
2014-06-04,638.929993,,,,,
2014-06-05,660.179993,,,,,
2014-06-06,650.409973,,,,,
2014-06-07,651.669983,,,,,
2014-06-08,651.049988,,,,,
2014-06-09,644.349976,,,,,
2014-06-10,655.619995,,,,,
2014-06-11,642.950012,,,,,
2014-06-12,597.130005,,,,,
2014-06-13,610.349976,,,,,
2014-06-14,583.419983,,,,,
2014-06-15,582.289978,,,,,
2014-06-16,599.080017,,,,,
2014-06-17,605.090027,,,,,
2014-06-18,606.210022,,,,,
2014-06-19,600.169983,,,,,
2014-06-20,590.75,,,,,
2014-06-21,597.039978,,,,,
2014-06-22,603.619995,,,,,
2014-06-23,591.169983,,,,,
2014-06-24,588.77002,,,,,
2014-06-25,568.450012,,,,,
2014-06-26,582.700012,,,,,
2014-06-27,602.22998,,,,,
2014-06-28,597.559998,,,,,
2014-06-29,601.059998,,,,,
2014-06-30,635.140015,,,,,
2014-07-01,643.190002,,,,,
2014-07-02,645.719971,,,,,
2014-07-03,638.030029,,,,,
2014-07-04,623.960022,,,,,
2014-07-05,622.960022,,,,,
2014-07-06,626.650024,,,,,
2014-07-07,613.599976,,,,,
2014-07-08,615.320007,,,,,
2014-07-09,623,,,,,
2014-07-10,618.390015,,,,,
2014-07-11,632.900024,,,,,
2014-07-12,635.900024,,,,,
2014-07-13,628.030029,,,,,
2014-07-14,618.320007,,,,,
2014-07-15,619.599976,,,,,
2014-07-16,614.799988,,,,,
2014-07-17,626.580017,,,,,
2014-07-18,627.469971,,,,,
2014-07-19,627.039978,,,,,
2014-07-20,620.97998,,,,,
2014-07-21,625.130005,,,,,
2014-07-22,622.530029,,,,,
2014-07-23,621.690002,,,,,
2014-07-24,601.869995,,,,,
2014-07-25,600.5,,,,,
2014-07-26,596,,,,,
2014-07-27,595.030029,,,,,
2014-07-28,587.929993,,,,,
2014-07-29,585.77002,,,,,
2014-07-30,564.640015,,,,,
2014-07-31,589.52002,,,,,
2014-08-01,598.780029,,,,,
2014-08-02,591.719971,,,,,
2014-08-03,588.940002,,,,,
2014-08-04,592.77002,,,,,
2014-08-05,588.76001,,,,,
2014-08-06,589.77002,,,,,
2014-08-07,592.799988,,,,,
2014-08-08,595.849976,,,,,
2014-08-09,589.52002,,,,,
2014-08-10,592.059998,,,,,
2014-08-11,575.890015,,,,,
2014-08-12,567.659973,,,,,
2014-08-13,542.099976,,,,,
2014-08-14,504.799988,,,,,
2014-08-15,496.450012,,,,,
2014-08-16,522.01001,,,,,
2014-08-17,485.5,,,,,
2014-08-18,462.179993,,,,,
2014-08-19,485.119995,,,,,
2014-08-20,516.780029,,,,,
2014-08-21,517.940002,,,,,
2014-08-22,516.099976,,,,,
2014-08-23,497.679993,,,,,
2014-08-24,509.709991,,,,,
2014-08-25,502.929993,,,,,
2014-08-26,512.559998,,,,,
2014-08-27,515.22998,,,,,
2014-08-28,510.75,,,,,
2014-08-29,512.559998,,,,,
2014-08-30,505.959991,,,,,
2014-08-31,481.779999,,,,,
2014-09-01,477.190002,,,,,
2014-09-02,478.940002,,,,,
2014-09-03,480.040009,,,,,
2014-09-04,490.98999,,,,,
2014-09-05,483.649994,,,,,
2014-09-06,484.470001,,,,,
2014-09-07,485.75,,,,,
2014-09-08,475.690002,,,,,
2014-09-09,474.899994,,,,,
2014-09-10,479.700012,,,,,
2014-09-11,478.48999,,,,,
2014-09-12,477.730011,,,,,
2014-09-13,478.170013,,,,,
2014-09-14,477.73999,,,,,
2014-09-15,477.709991,,,,,
2014-09-16,466.75,,,,,
2014-09-17,461.089996,,,,,
2014-09-18,424.26001,,,,,
2014-09-19,397.670013,,,,,
2014-09-20,411.529999,,,,,
2014-09-21,401.619995,,,,,
2014-09-22,404.089996,,,,,
2014-09-23,436.859985,,,,,
2014-09-24,423.769989,,,,,
2014-09-25,412.290009,,,,,
2014-09-26,404.459991,,,,,
2014-09-27,399.019989,,,,,
2014-09-28,379.079987,,,,,
2014-09-29,376.769989,,,,,
2014-09-30,388.170013,,,,,
2014-10-01,382.839996,,,,,
2014-10-02,375.140015,,,,,
2014-10-03,363.450012,,,,,
2014-10-04,335.320007,,,,,
2014-10-05,322.859985,,,,,
2014-10-06,331.549988,,,,,
2014-10-07,331.649994,,,,,
2014-10-08,350.869995,,,,,
2014-10-09,360.910004,,,,,
2014-10-10,361.709991,,,,,
2014-10-11,361.220001,,,,,
2014-10-12,373.170013,,,,,
2014-10-13,387.320007,,,,,
2014-10-14,397.100006,,,,,
2014-10-15,393.170013,,,,,
2014-10-16,379.769989,,,,,
2014-10-17,380.480011,,,,,
2014-10-18,390.880005,,,,,
2014-10-19,387.279999,,,,,
2014-10-20,380.390015,,,,,
2014-10-21,382.350006,,,,,
2014-10-22,378.929993,,,,,
2014-10-23,355.779999,,,,,
2014-10-24,355.100006,,,,,
2014-10-25,346.720001,,,,,
2014-10-27,348.670013,,,,,
2014-10-28,350.089996,,,,,
2014-10-29,351.059998,,,,,
2014-10-30,335.119995,,,,,
2014-10-31,344.859985,,,,,
2014-11-01,337.869995,,,,,
2014-11-02,325.429993,,,,,
2014-11-03,322.549988,,,,,
2014-11-04,324.23999,,,,,
2014-11-05,327.959991,,,,,
2014-11-06,338.01001,,,,,
2014-11-07,347.670013,,,,,
2014-11-08,341.869995,,,,,
2014-11-09,343.540009,,,,,
2014-11-10,362.040009,,,,,
2014-11-11,367.149994,,,,,
2014-11-12,365.420013,,,,,
2014-11-13,432.029999,,,,,
2014-11-14,428.720001,,,,,
2014-11-15,396.529999,,,,,
2014-11-16,374.859985,,,,,
2014-11-17,385.609985,,,,,
2014-11-18,384.690002,,,,,
2014-11-19,379.160004,,,,,
2014-11-20,381.429993,,,,,
2014-11-21,357.299988,,,,,
2014-11-22,351.769989,,,,,
2014-11-23,352.01001,,,,,
2014-11-24,365.850006,,,,,
2014-11-25,378.850006,,,,,
2014-11-26,376.429993,,,,,
2014-11-27,365.350006,,,,,
2014-11-28,368.829987,,,,,
2014-11-29,377.589996,,,,,
2014-11-30,376.279999,,,,,
2014-12-01,374.929993,,,,,
2014-12-02,378.609985,,,,,
2014-12-03,380.640015,,,,,
2014-12-04,376.959991,,,,,
2014-12-05,369.839996,,,,,
2014-12-06,377.630005,,,,,
2014-12-07,376.26001,,,,,
2014-12-08,376.470001,,,,,
2014-12-09,364.950012,,,,,
2014-12-10,352.190002,,,,,
2014-12-11,347.940002,,,,,
2014-12-12,347.679993,,,,,
2014-12-13,353.399994,,,,,
2014-12-14,348.23999,,,,,
2014-12-15,349.350006,,,,,
2014-12-16,345.369995,,,,,
2014-12-17,330.220001,,,,,
2014-12-18,320.019989,,,,,
2014-12-19,310.339996,,,,,
2014-12-20,317.779999,,,,,
2014-12-21,330.350006,,,,,
2014-12-22,322.630005,,,,,
2014-12-23,330.839996,,,,,
2014-12-24,335.25,,,,,
2014-12-25,322.399994,,,,,
2014-12-26,318.98999,,,,,
2014-12-27,329.980011,,,,,
2014-12-28,315.339996,,,,,
2014-12-29,316.529999,,,,,
2014-12-30,314.119995,,,,,
2014-12-31,311.269989,,,,,
2015-01-01,318.23999,,,,,
2015-01-02,314.890015,,,,,
2015-01-03,315.209991,,,,,
2015-01-04,287.130005,,,,,
2015-01-05,264.720001,,,,,
2015-01-06,274.839996,,,,,
2015-01-07,282.269989,,,,,
2015-01-08,291.339996,,,,,
2015-01-09,282.690002,,,,,
2015-01-10,287.970001,,,,,
2015-01-11,273.350006,,,,,
2015-01-12,264.769989,,,,,
2015-01-13,269.329987,,,,,
2015-01-14,221.289993,,,,,
2015-01-15,164.919998,,,,,
2015-01-16,209.779999,,,,,
2015-01-17,206.919998,,,,,
2015-01-18,199.649994,,,,,
2015-01-19,210.619995,,,,,
2015-01-20,215.869995,,,,,
2015-01-21,210.550003,,,,,
2015-01-22,228.169998,,,,,
2015-01-23,232.699997,,,,,
2015-01-24,232.169998,,,,,
2015-01-25,248.160004,,,,,
2015-01-26,252.089996,,,,,
2015-01-27,269.179993,,,,,
2015-01-28,263.269989,,,,,
2015-01-29,236.169998,,,,,
2015-01-30,233.990005,,,,,
2015-01-31,231.839996,,,,,
2015-02-01,218.509995,,,,,
2015-02-02,225.289993,,,,,
2015-02-03,238.860001,,,,,
2015-02-04,227.410004,,,,,
2015-02-05,226.580002,,,,,
2015-02-06,216.520004,,,,,
2015-02-07,222.960007,,,,,
2015-02-08,227.679993,,,,,
2015-02-09,223.669998,,,,,
2015-02-10,220.339996,,,,,
2015-02-11,219.669998,,,,,
2015-02-12,218.830002,,,,,
2015-02-13,221.789993,,,,,
2015-02-14,236.169998,,,,,
2015-02-15,258.640015,,,,,
2015-02-16,233.270004,,,,,
2015-02-17,235.830002,,,,,
2015-02-18,243.199997,,,,,
2015-02-19,235.199997,,,,,
2015-02-20,241.919998,,,,,
2015-02-21,244.520004,,,,,
2015-02-22,244.410004,,,,,
2015-02-23,235.729996,,,,,
2015-02-24,238.820007,,,,,
2015-02-25,238.889999,,,,,
2015-02-26,237.330002,,,,,
2015-02-27,236.529999,,,,,
2015-02-28,253.470001,,,,,
2015-03-01,254.059998,,,,,
2015-03-02,257.940002,,,,,
2015-03-03,273.75,,,,,
2015-03-04,280.649994,,,,,
2015-03-05,271.920013,,,,,
2015-03-06,275.230011,,,,,
2015-03-07,272.559998,,,,,
2015-03-08,274.910004,,,,,
2015-03-09,274.48999,,,,,
2015-03-10,290.019989,,,,,
2015-03-11,291.369995,,,,,
2015-03-12,295.600006,,,,,
2015-03-13,293.850006,,,,,
2015-03-14,287.209991,,,,,
2015-03-15,281.600006,,,,,
2015-03-16,284.880005,,,,,
2015-03-17,290.410004,,,,,
2015-03-18,285.380005,,,,,
2015-03-19,255.919998,,,,,
2015-03-20,260.929993,,,,,
2015-03-21,261.779999,,,,,
2015-03-22,259.709991,,,,,
2015-03-23,268.570007,,,,,
2015-03-24,265.459991,,,,,
2015-03-25,246.720001,,,,,
2015-03-26,246.369995,,,,,
2015-03-27,248.020004,,,,,
2015-03-28,247.210007,,,,,
2015-03-29,252.020004,,,,,
2015-03-29,242.080002,,,,,
2015-03-30,246.789993,,,,,
2015-03-31,244.149994,,,,,
2015-04-01,246.240005,,,,,
2015-04-02,252.600006,,,,,
2015-04-03,254.479996,,,,,
2015-04-04,252.889999,,,,,
2015-04-05,259.640015,,,,,
2015-04-06,254.970001,,,,,
2015-04-07,252.970001,,,,,
2015-04-08,244.570007,,,,,
2015-04-09,243.320007,,,,,
2015-04-10,234.729996,,,,,
2015-04-11,236.479996,,,,,
2015-04-12,235.850006,,,,,
2015-04-13,223.589996,,,,,
2015-04-14,217.990005,,,,,
2015-04-15,222.970001,,,,,
2015-04-16,227.979996,,,,,
2015-04-17,222.589996,,,,,
2015-04-18,223.350006,,,,,
2015-04-19,223.020004,,,,,
2015-04-20,224.240005,,,,,
2015-04-21,233.729996,,,,,
2015-04-22,233.779999,,,,,
2015-04-23,235.399994,,,,,
2015-04-24,231.089996,,,,,
2015-04-25,226.139999,,,,,
2015-04-26,218.699997,,,,,
2015-04-27,228.960007,,,,,
2015-04-28,225.809998,,,,,
2015-04-29,225.419998,,,,,
2015-04-30,235.770004,,,,,
2015-05-01,233.210007,,,,,
2015-05-02,235.339996,,,,,
2015-05-03,239.990005,,,,,
2015-05-04,238.970001,,,,,
2015-05-05,235.820007,,,,,
2015-05-06,230.029999,,,,,
2015-05-07,237.729996,,,,,
2015-05-08,243.740005,,,,,
2015-05-09,241.399994,,,,,
2015-05-10,239.960007,,,,,
2015-05-11,241.809998,,,,,
2015-05-12,241.580002,,,,,
2015-05-13,236.380005,,,,,
2015-05-14,236.899994,,,,,
2015-05-15,237.199997,,,,,
2015-05-16,236.229996,,,,,
2015-05-17,236.300003,,,,,
2015-05-18,232.639999,,,,,
2015-05-19,232.020004,,,,,
2015-05-20,233.960007,,,,,
2015-05-21,235.380005,,,,,
2015-05-22,240.369995,,,,,
2015-05-23,238.940002,,,,,
2015-05-24,240.979996,,,,,
2015-05-25,237.410004,,,,,
2015-05-26,237.839996,,,,,
2015-05-27,237.289993,,,,,
2015-05-28,237.320007,,,,,
2015-05-29,237.029999,,,,,
2015-05-30,233.220001,,,,,
2015-05-31,229.839996,,,,,
2015-06-01,223.139999,,,,,
2015-06-02,225.740005,,,,,
2015-06-03,225.589996,,,,,
2015-06-04,224.220001,,,,,
2015-06-05,225.289993,,,,,
2015-06-06,224.740005,,,,,
2015-06-07,223.470001,,,,,
2015-06-08,228.570007,,,,,
2015-06-09,229.559998,,,,,
2015-06-10,228.789993,,,,,
2015-06-11,229.880005,,,,,
2015-06-12,230.460007,,,,,
2015-06-13,232.479996,,,,,
2015-06-14,233.75,,,,,
2015-06-15,237,,,,,
2015-06-16,249.820007,,,,,
2015-06-17,247.380005,,,,,
2015-06-18,248.440002,,,,,
2015-06-19,244.130005,,,,,
2015-06-20,244.979996,,,,,
2015-06-21,244.100006,,,,,
2015-06-22,247.460007,,,,,
2015-06-23,243.759995,,,,,
2015-06-24,240.559998,,,,,
2015-06-25,242.559998,,,,,
2015-06-26,242.949997,,,,,
2015-06-27,250.729996,,,,,
2015-06-28,248.880005,,,,,
2015-06-29,256.970001,,,,,
2015-06-30,264.119995,,,,,
2015-07-01,257.619995,,,,,
2015-07-02,254.880005,,,,,
2015-07-03,255.399994,,,,,
2015-07-04,260.549988,,,,,
2015-07-05,270.140015,,,,,
2015-07-06,269.079987,,,,,
2015-07-07,266.209991,,,,,
2015-07-08,268.640015,,,,,
2015-07-09,269.140015,,,,,
2015-07-10,283.619995,,,,,
2015-07-11,291.970001,,,,,
2015-07-12,310.440002,,,,,
2015-07-13,290.350006,,,,,
2015-07-14,286.959991,,,,,
2015-07-15,283.420013,,,,,
2015-07-16,276.589996,,,,,
2015-07-17,279.619995,,,,,
2015-07-18,274.049988,,,,,
2015-07-19,273.179993,,,,,
2015-07-20,277.679993,,,,,
2015-07-21,275.089996,,,,,
2015-07-22,276.459991,,,,,
2015-07-23,275.519989,,,,,
2015-07-24,288.369995,,,,,
2015-07-25,288.73999,,,,,
2015-07-26,291.769989,,,,,
2015-07-27,293.01001,,,,,
2015-07-28,293.700012,,,,,
2015-07-29,288.369995,,,,,
2015-07-30,287.019989,,,,,
2015-07-31,283.730011,,,,,
2015-08-01,280.470001,,,,,
2015-08-02,281.359985,,,,,
2015-08-03,281.579987,,,,,
2015-08-04,284.299988,,,,,
2015-08-05,281.720001,,,,,
2015-08-06,278,,,,,
2015-08-07,277.890015,,,,,
2015-08-08,258.600006,,,,,
2015-08-09,263.869995,,,,,
2015-08-10,263.299988,,,,,
2015-08-11,269.029999,,,,,
2015-08-12,267.660004,,,,,
2015-08-13,263.440002,,,,,
2015-08-14,265.029999,,,,,
2015-08-15,260.519989,,,,,
2015-08-16,257.119995,,,,,
2015-08-17,257.130005,,,,,
2015-08-18,246.720001,,,,,
2015-08-19,226,,,,,
2015-08-20,234.660004,,,,,
2015-08-21,232.399994,,,,,
2015-08-22,229.539993,,,,,
2015-08-23,226.75,,,,,
2015-08-24,211.429993,,,,,
2015-08-25,220.509995,,,,,
2015-08-26,224.970001,,,,,
2015-08-27,222.729996,,,,,
2015-08-28,231.639999,,,,,
2015-08-29,228.5,,,,,
2015-08-30,228.399994,,,,,
2015-08-31,229.470001,,,,,
2015-09-01,227.179993,,,,,
2015-09-02,228.630005,,,,,
2015-09-03,226.199997,,,,,
2015-09-04,230.25,,,,,
2015-09-05,233.669998,,,,,
2015-09-06,239.860001,,,,,
2015-09-07,239.580002,,,,,
2015-09-08,243.240005,,,,,
2015-09-09,237.410004,,,,,
2015-09-10,238.080002,,,,,
2015-09-11,239.899994,,,,,
2015-09-12,235.600006,,,,,
2015-09-13,230.190002,,,,,
2015-09-14,229.910004,,,,,
2015-09-15,229.529999,,,,,
2015-09-16,228.600006,,,,,
2015-09-17,232.720001,,,,,
2015-09-18,232.210007,,,,,
2015-09-19,231.110001,,,,,
2015-09-20,231.089996,,,,,
2015-09-21,226.330002,,,,,
2015-09-22,230.009995,,,,,
2015-09-23,229.889999,,,,,
2015-09-24,233.759995,,,,,
2015-09-25,235.029999,,,,,
2015-09-26,234.300003,,,,,
2015-09-27,232.5,,,,,
2015-09-28,238.869995,,,,,
2015-09-29,236.710007,,,,,
2015-09-30,235.929993,,,,,
2015-10-01,237.050003,,,,,
2015-10-02,236.710007,,,,,
2015-10-03,238.580002,,,,,
2015-10-04,238.330002,,,,,
2015-10-05,240.149994,,,,,
2015-10-06,246.139999,,,,,
2015-10-07,242.979996,,,,,
2015-10-08,242.580002,,,,,
2015-10-09,244.039993,,,,,
2015-10-10,245.350006,,,,,
2015-10-11,247.649994,,,,,
2015-10-12,245.350006,,,,,
2015-10-13,248.779999,,,,,
2015-10-14,252.330002,,,,,
2015-10-15,254.440002,,,,,
2015-10-16,262.869995,,,,,
2015-10-17,269.579987,,,,,
2015-10-18,261.670013,,,,,
2015-10-19,263.820007,,,,,
2015-10-20,269.75,,,,,
2015-10-21,267.109985,,,,,
2015-10-22,274.420013,,,,,
2015-10-23,276.920013,,,,,
2015-10-24,282.559998,,,,,
2015-10-26,287.859985,,,,,
2015-10-27,285.149994,,,,,
2015-10-28,294.660004,,,,,
2015-10-29,303.540009,,,,,
2015-10-30,313.630005,,,,,
2015-10-31,327.119995,,,,,
2015-11-01,311.23999,,,,,
2015-11-02,322.950012,,,,,
2015-11-03,359.279999,,,,,
2015-11-04,396.48999,,,,,
2015-11-05,400.890015,,,,,
2015-11-06,382.700012,,,,,
2015-11-07,369.809998,,,,,
2015-11-08,385.089996,,,,,
2015-11-09,371.559998,,,,,
2015-11-10,380.220001,,,,,
2015-11-11,336.690002,,,,,
2015-11-12,304.709991,,,,,
2015-11-13,333.850006,,,,,
2015-11-14,333.769989,,,,,
2015-11-15,331.769989,,,,,
2015-11-16,317.450012,,,,,
2015-11-17,330.209991,,,,,
2015-11-18,333.910004,,,,,
2015-11-19,335.920013,,,,,
2015-11-20,324.980011,,,,,
2015-11-21,321.119995,,,,,
2015-11-22,324.700012,,,,,
2015-11-23,322.779999,,,,,
2015-11-24,322.119995,,,,,
2015-11-25,318.350006,,,,,
2015-11-26,327.519989,,,,,
2015-11-27,353.73999,,,,,
2015-11-28,359.519989,,,,,
2015-11-29,355.829987,,,,,
2015-11-30,370.839996,,,,,
2015-12-01,377.970001,,,,,
2015-12-02,361.799988,,,,,
2015-12-03,359.980011,,,,,
2015-12-04,360.309998,,,,,
2015-12-05,361.670013,,,,,
2015-12-06,386.690002,,,,,
2015-12-07,393.380005,,,,,
2015-12-08,394.279999,,,,,
2015-12-09,410.670013,,,,,
2015-12-10,416,,,,,
2015-12-11,415.48999,,,,,
2015-12-12,449.829987,,,,,
2015-12-13,432.290009,,,,,
2015-12-14,434.690002,,,,,
2015-12-15,442,,,,,
2015-12-16,462.649994,,,,,
2015-12-17,453.980011,,,,,
2015-12-18,455.529999,,,,,
2015-12-19,463.179993,,,,,
2015-12-20,461.200012,,,,,
2015-12-21,441.779999,,,,,
2015-12-22,437.589996,,,,,
2015-12-23,437.029999,,,,,
2015-12-24,442.429993,,,,,
2015-12-25,452.980011,,,,,
2015-12-26,454.049988,,,,,
2015-12-27,415.369995,,,,,
2015-12-28,422.390015,,,,,
2015-12-29,421.76001,,,,,
2015-12-30,431.920013,,,,,
2015-12-31,427.149994,,,,,
2016-01-01,429.950012,,,,,
2016-01-02,433.98999,,,,,
2016-01-03,433.720001,,,,,
2016-01-04,430.700012,,,,,
2016-01-05,433.320007,,,,,
2016-01-06,431.200012,,,,,
2016-01-07,430.820007,,,,,
2016-01-08,457.049988,,,,,
2016-01-09,452.869995,,,,,
2016-01-10,448.309998,,,,,
2016-01-11,446.190002,,,,,
2016-01-12,447.720001,,,,,
2016-01-13,445.040009,,,,,
2016-01-14,432.179993,,,,,
2016-01-15,429.130005,,,,,
2016-01-16,372.26001,,,,,
2016-01-17,385.040009,,,,,
2016-01-18,382.470001,,,,,
2016-01-19,384.399994,,,,,
2016-01-20,379.459991,,,,,
2016-01-21,414.579987,,,,,
2016-01-22,410.23999,,,,,
2016-01-23,382.649994,,,,,
2016-01-24,388.609985,,,,,
2016-01-25,402.130005,,,,,
2016-01-26,392.76001,,,,,
2016-01-27,389.779999,,,,,
2016-01-28,395.019989,,,,,
2016-01-29,379.690002,,,,,
2016-01-30,380.290009,,,,,
2016-01-31,377.76001,,,,,
2016-02-01,369.839996,,,,,
2016-02-02,372.179993,,,,,
2016-02-03,373.920013,,,,,
2016-02-04,368.019989,,,,,
2016-02-05,390.649994,,,,,
2016-02-06,386.459991,,,,,
2016-02-07,376.679993,,,,,
2016-02-08,377.940002,,,,,
2016-02-09,372.630005,,,,,
2016-02-10,375.320007,,,,,
2016-02-11,381.880005,,,,,
2016-02-12,379.450012,,,,,
2016-02-13,384.040009,,,,,
2016-02-14,390.100006,,,,,
2016-02-15,405.5,,,,,
2016-02-16,401.070007,,,,,
2016-02-17,406.420013,,,,,
2016-02-18,417.140015,,,,,
2016-02-19,421.399994,,,,,
2016-02-20,419.980011,,,,,
2016-02-21,440.059998,,,,,
2016-02-22,437.869995,,,,,
2016-02-23,437.790009,,,,,
2016-02-24,419.899994,,,,,
2016-02-25,422.720001,,,,,
2016-02-26,423.480011,,,,,
2016-02-27,427.320007,,,,,
2016-02-28,431.299988,,,,,
2016-02-29,432.470001,,,,,
2016-03-01,436.209991,,,,,
2016-03-02,434.040009,,,,,
2016-03-03,425.359985,,,,,
2016-03-04,419.559998,,,,,
2016-03-05,409.480011,,,,,
2016-03-06,399,,,,,
2016-03-07,405.959991,,,,,
2016-03-08,414.869995,,,,,
2016-03-09,411.899994,,,,,
2016-03-10,412.76001,,,,,
2016-03-11,415.829987,,,,,
2016-03-12,419.109985,,,,,
2016-03-13,410.359985,,,,,
2016-03-14,412.410004,,,,,
2016-03-15,414.309998,,,,,
2016-03-16,415.130005,,,,,
2016-03-17,415.910004,,,,,
2016-03-18,418.160004,,,,,
2016-03-19,408.160004,,,,,
2016-03-20,408.690002,,,,,
2016-03-21,411.529999,,,,,
2016-03-22,411.109985,,,,,
2016-03-23,416.209991,,,,,
2016-03-24,416.980011,,,,,
2016-03-25,414.73999,,,,,
2016-03-26,415.709991,,,,,
2016-03-27,416.51001,,,,,
2016-03-27,424.570007,,,,,
2016-03-28,422.209991,,,,,
2016-03-29,415,,,,,
2016-03-30,412.440002,,,,,
2016-03-31,415.660004,,,,,
2016-04-01,415.640015,,,,,
2016-04-02,418.51001,,,,,
2016-04-03,419.059998,,,,,
2016-04-04,419.329987,,,,,
2016-04-05,422.070007,,,,,
2016-04-06,421.26001,,,,,
2016-04-07,420.140015,,,,,
2016-04-08,417.690002,,,,,
2016-04-09,418.049988,,,,,
2016-04-10,420.25,,,,,
2016-04-11,421.429993,,,,,
2016-04-12,424.73999,,,,,
2016-04-13,423.470001,,,,,
2016-04-14,424.019989,,,,,
2016-04-15,428.670013,,,,,
2016-04-16,430.049988,,,,,
2016-04-17,426.26001,,,,,
2016-04-18,427.690002,,,,,
2016-04-19,434.920013,,,,,
2016-04-20,441.160004,,,,,
2016-04-21,449.339996,,,,,
2016-04-22,445.279999,,,,,
2016-04-23,450.079987,,,,,
2016-04-24,457.559998,,,,,
2016-04-25,461.730011,,,,,
2016-04-26,466,,,,,
2016-04-27,447.01001,,,,,
2016-04-28,448.480011,,,,,
2016-04-29,454.980011,,,,,
2016-04-30,448.529999,,,,,
2016-05-01,452.23999,,,,,
2016-05-02,444.179993,,,,,
2016-05-03,450.269989,,,,,
2016-05-04,445.799988,,,,,
2016-05-05,448.079987,,,,,
2016-05-06,459.559998,,,,,
2016-05-07,458.459991,,,,,
2016-05-08,457.869995,,,,,
2016-05-09,460.440002,,,,,
2016-05-10,449.359985,,,,,
2016-05-11,452.5,,,,,
2016-05-12,454.429993,,,,,
2016-05-13,455.410004,,,,,
2016-05-14,456.440002,,,,,
2016-05-15,458.109985,,,,,
2016-05-16,454.869995,,,,,
2016-05-17,453.25,,,,,
2016-05-18,454.220001,,,,,
2016-05-19,442.660004,,,,,
2016-05-20,442.109985,,,,,
2016-05-21,443.640015,,,,,
2016-05-22,439.619995,,,,,
2016-05-23,443.690002,,,,,
2016-05-24,446.109985,,,,,
2016-05-25,449.779999,,,,,
2016-05-26,453.299988,,,,,
2016-05-27,474.049988,,,,,
2016-05-28,524.219971,,,,,
2016-05-29,516.049988,,,,,
2016-05-30,532.26001,,,,,
2016-05-31,528.919983,,,,,
2016-06-01,537.400024,,,,,
2016-06-02,537.099976,,,,,
2016-06-03,567.030029,,,,,
2016-06-04,571.950012,,,,,
2016-06-05,574.909973,,,,,
2016-06-06,583.580017,,,,,
2016-06-07,575.580017,,,,,
2016-06-08,580.51001,,,,,
2016-06-09,574.690002,,,,,
2016-06-10,577.890015,,,,,
2016-06-11,591.599976,,,,,
2016-06-12,666.549988,,,,,
2016-06-13,700.070007,,,,,
2016-06-14,685.140015,,,,,
2016-06-15,690.77002,,,,,
2016-06-16,761.210022,,,,,
2016-06-17,743.900024,,,,,
2016-06-18,753.77002,,,,,
2016-06-19,761.039978,,,,,
2016-06-20,733.969971,,,,,
2016-06-21,667.380005,,,,,
2016-06-22,590.559998,,,,,
2016-06-23,620.840027,,,,,
2016-06-24,656.890015,,,,,
2016-06-25,663.52002,,,,,
2016-06-26,625.409973,,,,,
2016-06-27,644.659973,,,,,
2016-06-28,644.890015,,,,,
2016-06-29,636.539978,,,,,
2016-06-30,670.02002,,,,,
2016-07-01,674.570007,,,,,
2016-07-02,698.059998,,,,,
2016-07-03,661.640015,,,,,
2016-07-04,675.159973,,,,,
2016-07-05,663.669983,,,,,
2016-07-06,672.700012,,,,,
2016-07-07,635.25,,,,,
2016-07-08,662.780029,,,,,
2016-07-09,651.830017,,,,,
2016-07-10,647.109985,,,,,
2016-07-11,646.710022,,,,,
2016-07-12,670.559998,,,,,
2016-07-13,661.150024,,,,,
2016-07-14,657.25,,,,,
2016-07-15,664.200012,,,,,
2016-07-16,660.690002,,,,,
2016-07-17,676.330017,,,,,
2016-07-18,670.380005,,,,,
2016-07-19,671.099976,,,,,
2016-07-20,664.400024,,,,,
2016-07-21,664.619995,,,,,
2016-07-22,651.109985,,,,,
2016-07-23,655.159973,,,,,
2016-07-24,659.289978,,,,,
2016-07-25,654,,,,,
2016-07-26,654.380005,,,,,
2016-07-27,654.539978,,,,,
2016-07-28,654.130005,,,,,
2016-07-29,655.429993,,,,,
2016-07-30,654.73999,,,,,
2016-07-31,621.869995,,,,,
2016-08-01,607,,,,,
2016-08-02,513.429993,,,,,
2016-08-03,566.440002,,,,,
2016-08-04,576.219971,,,,,
2016-08-05,574.659973,,,,,
2016-08-06,586.450012,,,,,
2016-08-07,590.849976,,,,,
2016-08-08,589.23999,,,,,
2016-08-09,585.25,,,,,
2016-08-10,590.940002,,,,,
2016-08-11,587.840027,,,,,
2016-08-12,587.140015,,,,,
2016-08-13,584.590027,,,,,
2016-08-14,569.059998,,,,,
2016-08-15,566.950012,,,,,
2016-08-16,580.190002,,,,,
2016-08-17,572.340027,,,,,
2016-08-18,573.390015,,,,,
2016-08-19,574.559998,,,,,
2016-08-20,582.609985,,,,,
2016-08-21,580.659973,,,,,
2016-08-22,587.469971,,,,,
2016-08-23,583.559998,,,,,
2016-08-24,579.659973,,,,,
2016-08-25,577.960022,,,,,
2016-08-26,579.369995,,,,,
2016-08-27,570.349976,,,,,
2016-08-28,574.97998,,,,,
2016-08-29,574.22998,,,,,
2016-08-30,577.320007,,,,,
2016-08-31,573.880005,,,,,
2016-09-01,571.98999,,,,,
2016-09-02,575.289978,,,,,
2016-09-03,598.840027,,,,,
2016-09-04,609.549988,,,,,
2016-09-05,605.76001,,,,,
2016-09-06,610.440002,,,,,
2016-09-07,613.210022,,,,,
2016-09-08,625.570007,,,,,
2016-09-09,623.159973,,,,,
2016-09-10,624.52002,,,,,
2016-09-11,605.609985,,,,,
2016-09-12,607.97998,,,,,
2016-09-13,608.609985,,,,,
2016-09-14,609.539978,,,,,
2016-09-15,608.109985,,,,,
2016-09-16,607.780029,,,,,
2016-09-17,607.080017,,,,,
2016-09-18,610.700012,,,,,
2016-09-19,609.849976,,,,,
2016-09-20,609.23999,,,,,
2016-09-21,597.159973,,,,,
2016-09-22,595.630005,,,,,
2016-09-23,602.919983,,,,,
2016-09-24,602.590027,,,,,
2016-09-25,601.48999,,,,,
2016-09-26,606.539978,,,,,
2016-09-27,605.469971,,,,,
2016-09-28,604.669983,,,,,
2016-09-29,604.700012,,,,,
2016-09-30,608.140015,,,,,
2016-10-01,613.409973,,,,,
2016-10-02,610.690002,,,,,
2016-10-03,611.599976,,,,,
2016-10-04,608.960022,,,,,
2016-10-05,611.820007,,,,,
2016-10-06,610.969971,,,,,
2016-10-07,616.030029,,,,,
2016-10-08,617.650024,,,,,
2016-10-09,615.77002,,,,,
2016-10-10,617.289978,,,,,
2016-10-11,640.450012,,,,,
2016-10-12,635.98999,,,,,
2016-10-13,635.599976,,,,,
2016-10-14,637.919983,,,,,
2016-10-15,637.030029,,,,,
2016-10-16,640.119995,,,,,
2016-10-17,637.369995,,,,,
2016-10-18,635.340027,,,,,
2016-10-19,629.059998,,,,,
2016-10-20,628.340027,,,,,
2016-10-21,630.450012,,,,,
2016-10-22,655.47998,,,,,
2016-10-23,653.030029,,,,,
2016-10-24,650.48999,,,,,
2016-10-25,651,,,,,
2016-10-26,674.669983,,,,,
2016-10-27,682.299988,,,,,
2016-10-28,686.23999,,,,,
2016-10-29,714.950012,,,,,
2016-10-31,697.27002,,,,,
2016-11-01,698.669983,,,,,
2016-11-02,726.76001,,,,,
2016-11-03,733.51001,,,,,
2016-11-04,684.869995,,,,,
2016-11-05,702.080017,,,,,
2016-11-06,702.109985,,,,,
2016-11-07,709.909973,,,,,
2016-11-08,705.400024,,,,,
2016-11-09,710.900024,,,,,
2016-11-10,721.419983,,,,,
2016-11-11,714.570007,,,,,
2016-11-12,714.969971,,,,,
2016-11-13,704.27002,,,,,
2016-11-14,701.969971,,,,,
2016-11-15,704.559998,,,,,
2016-11-16,711.099976,,,,,
2016-11-17,740.280029,,,,,
2016-11-18,737.530029,,,,,
2016-11-19,746.960022,,,,,
2016-11-20,747.890015,,,,,
2016-11-21,728.51001,,,,,
2016-11-22,736.190002,,,,,
2016-11-23,749.340027,,,,,
2016-11-24,741.070007,,,,,
2016-11-25,735.309998,,,,,
2016-11-26,740.390015,,,,,
2016-11-27,734.140015,,,,,
2016-11-28,729.419983,,,,,
2016-11-29,733.299988,,,,,
2016-11-30,732.559998,,,,,
2016-12-01,742.48999,,,,,
2016-12-02,752.630005,,,,,
2016-12-03,770.940002,,,,,
2016-12-04,764.23999,,,,,
2016-12-05,766.390015,,,,,
2016-12-06,754.340027,,,,,
2016-12-07,758.210022,,,,,
2016-12-08,765.559998,,,,,
2016-12-09,768.48999,,,,,
2016-12-10,770.47998,,,,,
2016-12-11,774,,,,,
2016-12-12,767.909973,,,,,
2016-12-13,778.469971,,,,,
2016-12-14,778.73999,,,,,
2016-12-15,776.5,,,,,
2016-12-16,775.210022,,,,,
2016-12-17,782.049988,,,,,
2016-12-18,787.169983,,,,,
2016-12-19,789.01001,,,,,
2016-12-20,789.789978,,,,,
2016-12-21,799.099976,,,,,
2016-12-22,829.210022,,,,,
2016-12-23,860.150024,,,,,
2016-12-24,917.169983,,,,,
2016-12-25,891.070007,,,,,
2016-12-26,891.070007,,,,,
2016-12-27,898.380005,,,,,
2016-12-28,925.780029,,,,,
2016-12-29,972.169983,,,,,
2016-12-30,971.080017,,,,,
2016-12-31,959.039978,,,,,
2017-01-01,963.380005,,,,,
2017-01-02,995.440002,,,,,
2017-01-03,1017.049988,,,,,
2017-01-04,1033.300049,,,,,
2017-01-05,1135.410034,,,,,
2017-01-06,989.349976,,,,,
2017-01-07,886.159973,,,,,
2017-01-08,888.869995,,,,,
2017-01-09,900.859985,,,,,
2017-01-10,899.780029,,,,,
2017-01-11,904.369995,,,,,
2017-01-12,785.429993,,,,,
2017-01-13,810.109985,,,,,
2017-01-14,824.830017,,,,,
2017-01-15,819.630005,,,,,
2017-01-16,821.169983,,,,,
2017-01-17,827.340027,,,,,
2017-01-18,899.659973,,,,,
2017-01-19,872.030029,,,,,
2017-01-20,895.210022,,,,,
2017-01-21,892.909973,,,,,
2017-01-22,919.840027,,,,,
2017-01-23,918.840027,,,,,
2017-01-24,921.460022,,,,,
2017-01-25,893.75,,,,,
2017-01-26,894.409973,,,,,
2017-01-27,915.559998,,,,,
2017-01-28,918.01001,,,,,
2017-01-29,918.51001,,,,,
2017-01-30,914.549988,,,,,
2017-01-31,920.72998,,,,,
2017-02-01,965.48999,,,,,
2017-02-02,982.429993,,,,,
2017-02-03,1003.969971,,,,,
2017-02-04,1013.02002,,,,,
2017-02-05,1031.849976,,,,,
2017-02-06,1016.109985,,,,,
2017-02-07,1024.670044,,,,,
2017-02-08,1049.560059,,,,,
2017-02-09,1055.48999,,,,,
2017-02-10,978.960022,,,,,
2017-02-11,997.609985,,,,,
2017-02-12,1008.320007,,,,,
2017-02-13,996.52002,,,,,
2017-02-14,995.359985,,,,,
2017-02-15,1008.340027,,,,,
2017-02-16,1008.190002,,,,,
2017-02-17,1031.930054,,,,,
2017-02-18,1049.410034,,,,,
2017-02-19,1052.280029,,,,,
2017-02-20,1048.890015,,,,,
2017-02-21,1077.560059,,,,,
2017-02-22,1119.030029,,,,,
2017-02-23,1120.459961,,,,,
2017-02-24,1171.910034,,,,,
2017-02-25,1176.48999,,,,,
2017-02-26,1149.050049,,,,,
2017-02-27,1171.579956,,,,,
2017-02-28,1188.829956,,,,,
2017-03-01,1189.27002,,,,,
2017-03-02,1222.660034,,,,,
2017-03-03,1255.469971,,,,,
2017-03-04,1283.300049,,,,,
2017-03-05,1264.319946,,,,,
2017-03-06,1271.219971,,,,,
2017-03-07,1277.01001,,,,,
2017-03-08,1232.689941,,,,,
2017-03-09,1146.969971,,,,,
2017-03-10,1191.329956,,,,,
2017-03-11,1112.390015,,,,,
2017-03-12,1179.219971,,,,,
2017-03-13,1225.109985,,,,,
2017-03-14,1238.189941,,,,,
2017-03-15,1243.140015,,,,,
2017-03-16,1253.430054,,,,,
2017-03-17,1172.880005,,,,,
2017-03-18,1071.709961,,,,,
2017-03-19,971.380005,,,,,
2017-03-20,1022.599976,,,,,
2017-03-21,1047.51001,,,,,
2017-03-22,1121.290039,,,,,
2017-03-23,1044.719971,,,,,
2017-03-24,1035.030029,,,,,
2017-03-25,939.700012,,,,,
2017-03-26,966.299988,,,,,
2017-03-26,969.440002,,,,,
2017-03-27,1045.140015,,,,,
2017-03-28,1044.420044,,,,,
2017-03-29,1041.900024,,,,,
2017-03-30,1037.910034,,,,,
2017-03-31,1079.109985,,,,,
2017-04-01,1086.119995,,,,,
2017-04-02,1097.400024,,,,,
2017-04-03,1147.560059,,,,,
2017-04-04,1141.77002,,,,,
2017-04-05,1129.869995,,,,,
2017-04-06,1188.699951,,,,,
2017-04-07,1190.48999,,,,,
2017-04-08,1180.780029,,,,,
2017-04-09,1204.339966,,,,,
2017-04-10,1206.709961,,,,,
2017-04-11,1220.73999,,,,,
2017-04-12,1212.530029,,,,,
2017-04-13,1176.199951,,,,,
2017-04-14,1177.329956,,,,,
2017-04-15,1176.98999,,,,,
2017-04-16,1176.800049,,,,,
2017-04-17,1194.01001,,,,,
2017-04-18,1206.089966,,,,,
2017-04-19,1215.199951,,,,,
2017-04-20,1238.089966,,,,,
2017-04-21,1249.640015,,,,,
2017-04-22,1240.890015,,,,,
2017-04-23,1249.140015,,,,,
2017-04-24,1248.180054,,,,,
2017-04-25,1264.310059,,,,,
2017-04-26,1286.630005,,,,,
2017-04-27,1332.910034,,,,,
2017-04-28,1329.619995,,,,,
2017-04-29,1336.280029,,,,,
2017-04-30,1351.910034,,,,,
2017-05-01,1415.810059,,,,,
2017-05-02,1445.930054,,,,,
2017-05-03,1485.550049,,,,,
2017-05-04,1516.76001,,,,,
2017-05-05,1507.77002,,,,,
2017-05-06,1545.290039,,,,,
2017-05-07,1554.449951,,,,,
2017-05-08,1664.469971,,,,,
2017-05-09,1697.5,,,,,
2017-05-10,1752.310059,,,,,
2017-05-11,1819.290039,,,,,
2017-05-12,1686.390015,,,,,
2017-05-13,1763.73999,,,,,
2017-05-14,1772.550049,,,,,
2017-05-15,1708.920044,,,,,
2017-05-16,1729.339966,,,,,
2017-05-17,1801.300049,,,,,
2017-05-18,1880.98999,,,,,
2017-05-19,1962,,,,,
2017-05-20,2040.180054,,,,,
2017-05-21,2044.189941,,,,,
2017-05-22,2124.409912,,,,,
2017-05-23,2272.580078,,,,,
2017-05-24,2445.280029,,,,,
2017-05-25,2306.959961,,,,,
2017-05-26,2244.889893,,,,,
2017-05-27,2052.429932,,,,,
2017-05-28,2189.02002,,,,,
2017-05-29,2278.209961,,,,,
2017-05-30,2192.550049,,,,,
2017-05-31,2303.340088,,,,,
2017-06-01,2412.649902,,,,,
2017-06-02,2492.600098,,,,,
2017-06-03,2545.429932,,,,,
2017-06-04,2524.060059,,,,,
2017-06-05,2704.959961,,,,,
2017-06-06,2870.5,,,,,
2017-06-07,2691.51001,,,,,
2017-06-08,2798.780029,,,,,
2017-06-09,2811.429932,,,,,
2017-06-10,2900.25,,,,,
2017-06-11,2973.449951,,,,,
2017-06-12,2656.77002,,,,,
2017-06-13,2712.98999,,,,,
2017-06-14,2467.27002,,,,,
2017-06-15,2442.459961,,,,,
2017-06-16,2508.580078,,,,,
2017-06-17,2655.100098,,,,,
2017-06-18,2539.560059,,,,,
2017-06-19,2616.820068,,,,,
2017-06-20,2754.379883,,,,,
2017-06-21,2677.620117,,,,,
2017-06-22,2722.840088,,,,,
2017-06-23,2710.370117,,,,,
2017-06-24,2590.050049,,,,,
2017-06-25,2541.620117,,,,,
2017-06-26,2446.050049,,,,,
2017-06-27,2583.75,,,,,
2017-06-28,2577.73999,,,,,
2017-06-29,2558.370117,,,,,
2017-06-30,2480.610107,,,,,
2017-07-01,2424.610107,,,,,
2017-07-02,2536.459961,,,,,
2017-07-03,2572.469971,,,,,
2017-07-04,2617.320068,,,,,
2017-07-05,2627.860107,,,,,
2017-07-06,2614.23999,,,,,
2017-07-07,2513.879883,,,,,
2017-07-08,2564.860107,,,,,
2017-07-09,2511.429932,,,,,
2017-07-10,2344.02002,,,,,
2017-07-11,2324.290039,,,,,
2017-07-12,2403.090088,,,,,
2017-07-13,2362.439941,,,,,
2017-07-14,2234.169922,,,,,
2017-07-15,1975.079956,,,,,
2017-07-16,1914.089966,,,,,
2017-07-17,2233.389893,,,,,
2017-07-18,2320.22998,,,,,
2017-07-19,2282.580078,,,,,
2017-07-20,2866.02002,,,,,
2017-07-21,2675.080078,,,,,
2017-07-22,2836.530029,,,,,
2017-07-23,2756.610107,,,,,
2017-07-24,2763.419922,,,,,
2017-07-25,2582.580078,,,,,
2017-07-26,2559.209961,,,,,
2017-07-27,2691.879883,,,,,
2017-07-28,2806.75,,,,,
2017-07-29,2733.5,,,,,
2017-07-30,2766.48999,,,,,
2017-07-31,2883.27002,,,,,
2017-08-01,2746.98999,,,,,
2017-08-02,2720.530029,,,,,
2017-08-03,2809.98999,,,,,
2017-08-04,2878.48999,,,,,
2017-08-05,3262.800049,,,,,
2017-08-06,3232.030029,,,,,
2017-08-07,3401.909912,,,,,
2017-08-08,3429.379883,,,,,
2017-08-09,3348.790039,,,,,
2017-08-10,3425.669922,,,,,
2017-08-11,3654.370117,,,,,
2017-08-12,3871.620117,,,,,
2017-08-13,4062.600098,,,,,
2017-08-14,4327.939941,,,,,
2017-08-15,4161.660156,,,,,
2017-08-16,4387.399902,,,,,
2017-08-17,4278.919922,,,,,
2017-08-18,4105.370117,,,,,
2017-08-19,4150.450195,,,,,
2017-08-20,4066.600098,,,,,
2017-08-21,4005.100098,,,,,
2017-08-22,4089.699951,,,,,
2017-08-23,4141.089844,,,,,
2017-08-24,4318.350098,,,,,
2017-08-25,4364.410156,,,,,
2017-08-26,4352.299805,,,,,
2017-08-27,4345.75,,,,,
2017-08-28,4390.310059,,,,,
2017-08-29,4597.310059,,,,,
2017-08-30,4583.02002,,,,,
2017-08-31,4735.109863,,,,,
2017-09-01,4921.850098,,,,,
2017-09-02,4573.799805,,,,,
2017-09-03,4612.919922,,,,,
2017-09-04,4267.450195,,,,,
2017-09-05,4409.080078,,,,,
2017-09-06,4618.709961,,,,,
2017-09-07,4635.600098,,,,,
2017-09-08,4326.450195,,,,,
2017-09-09,4335.129883,,,,,
2017-09-10,4245.890137,,,,,
2017-09-11,4217.899902,,,,,
2017-09-12,4158.919922,,,,,
2017-09-13,3870.290039,,,,,
2017-09-14,3243.080078,,,,,
2017-09-15,3713.76001,,,,,
2017-09-16,3698.919922,,,,,
2017-09-17,3689.610107,,,,,
2017-09-18,4100.279785,,,,,
2017-09-19,3907.959961,,,,,
2017-09-20,3882.159912,,,,,
2017-09-21,3617.27002,,,,,
2017-09-22,3600.830078,,,,,
2017-09-23,3788.02002,,,,,
2017-09-24,3667.52002,,,,,
2017-09-25,3932.830078,,,,,
2017-09-26,3892.699951,,,,,
2017-09-27,4212.200195,,,,,
2017-09-28,4195.649902,,,,,
2017-09-29,4172.790039,,,,,
2017-09-30,4360.620117,,,,,
2017-10-01,4403.089844,,,,,
2017-10-02,4401.319824,,,,,
2017-10-03,4314.180176,,,,,
2017-10-04,4218.660156,,,,,
2017-10-05,4321.439941,,,,,
2017-10-06,4371.939941,,,,,
2017-10-07,4435.810059,,,,,
2017-10-08,4611.700195,,,,,
2017-10-09,4777.490234,,,,,
2017-10-10,4763.359863,,,,,
2017-10-11,4824.200195,,,,,
2017-10-12,5432.620117,,,,,
2017-10-13,5637.259766,,,,,
2017-10-14,5824.709961,,,,,
2017-10-15,5677.350098,,,,,
2017-10-16,5759.25,,,,,
2017-10-17,5598.580078,,,,,
2017-10-18,5576.709961,,,,,
2017-10-19,5698.620117,,,,,
2017-10-20,5993.109863,,,,,
2017-10-21,6006.649902,,,,,
2017-10-22,5982.859863,,,,,
2017-10-23,5903.609863,,,,,
2017-10-24,5513.080078,,,,,
2017-10-25,5734,,,,,
2017-10-26,5887.620117,,,,,
2017-10-27,5764.560059,,,,,
2017-10-28,5726.609863,,,,,
2017-10-30,6147.700195,,,,,
2017-10-31,6124.279785,,,,,
2017-11-01,6449.100098,,,,,
2017-11-02,6737.779785,,,,,
2017-11-03,7024.810059,,,,,
2017-11-04,7146.97998,,,,,
2017-11-05,7363.799805,,,,,
2017-11-06,7389.549805,,,,,
2017-11-07,6959.27002,,,,,
2017-11-08,7102.22998,,,,,
2017-11-09,7444.359863,,,,,
2017-11-10,7129.589844,,,,,
2017-11-11,6565.799805,,,,,
2017-11-12,6339.870117,,,,,
2017-11-13,5878.089844,,,,,
2017-11-14,6522.450195,,,,,
2017-11-15,6597.060059,,,,,
2017-11-16,7283.02002,,,,,
2017-11-17,7853.680176,,,,,
2017-11-18,7699.950195,,,,,
2017-11-19,7781.02002,,,,,
2017-11-20,8042.640137,,,,,
2017-11-21,8245.870117,,,,,
2017-11-22,8099.919922,,,,,
2017-11-23,8234.5,,,,,
2017-11-24,8013.379883,,,,,
2017-11-25,8203.450195,,,,,
2017-11-26,8754.620117,,,,,
2017-11-27,9318.419922,,,,,
2017-11-28,9732.629883,,,,,
2017-11-29,9906.040039,,,,,
2017-11-30,9848.049805,,,,,
2017-12-01,9947.080078,,,,,
2017-12-02,10861.469727,,,,,
2017-12-03,10912.719727,,,,,
2017-12-04,11244.200195,,,,,
2017-12-05,11624.370117,,,,,
2017-12-06,11667.129883,,,,,
2017-12-07,13750.089844,,,,,
2017-12-08,16867.980469,,,,,
2017-12-09,16048.179688,,,,,
2017-12-10,14839.980469,,,,,
2017-12-11,15060.450195,,,,,
2017-12-12,16733.289063,,,,,
2017-12-13,17083.900391,,,,,
2017-12-14,16286.820313,,,,,
2017-12-15,16467.910156,,,,,
2017-12-16,17594.080078,,,,,
2017-12-17,19346.599609,,,,,
2017-12-18,19065.710938,,,,,
2017-12-19,18971.189453,,,,,
2017-12-20,17521.730469,,,,,
2017-12-21,16461.089844,,,,,
2017-12-22,15632.120117,,,,,
2017-12-23,13664.969727,,,,,
2017-12-24,14396.629883,,,,,
2017-12-25,13789.950195,,,,,
2017-12-26,13830.19043,,,,,
2017-12-27,15757.019531,,,,,
2017-12-28,15416.339844,,,,,
2017-12-29,14398.450195,,,,,
2017-12-30,14392.139648,,,,,
2017-12-31,12532.379883,,,,,
2018-01-01,13850.490234,,,,,
2018-01-02,13444.879883,,,,,
2018-01-03,14754.089844,,,,,
2018-01-04,15156.490234,,,,,
2018-01-05,15180.080078,,,,,
2018-01-06,16954.759766,,,,,
2018-01-07,17174.5,,,,,
2018-01-08,16228.259766,,,,,
2018-01-09,14976.169922,,,,,
2018-01-10,14468.089844,,,,,
2018-01-11,14920.360352,,,,,
2018-01-12,13308.05957,,,,,
2018-01-13,13841.19043,,,,,
2018-01-14,14244.120117,,,,,
2018-01-15,13638.629883,,,,,
2018-01-16,13634.599609,,,,,
2018-01-17,11282.490234,,,,,
2018-01-18,11162.700195,,,,,
2018-01-19,11175.519531,,,,,
2018-01-20,11521.820313,,,,,
2018-01-21,12783.540039,,,,,
2018-01-22,11549.980469,,,,,
2018-01-23,10814.519531,,,,,
2018-01-24,10853.780273,,,,,
2018-01-25,11428.110352,,,,,
2018-01-26,11175.870117,,,,,
2018-01-27,11104.339844,,,,,
2018-01-28,11460.389648,,,,,
2018-01-29,11767.740234,,,,,
2018-01-30,11234.320313,,,,,
2018-01-31,10107.400391,,,,,
2018-02-01,10226.860352,,,,,
2018-02-02,9114.730469,,,,,
2018-02-03,8872.870117,,,,,
2018-02-04,9251.269531,,,,,
2018-02-05,8218.049805,,,,,
2018-02-06,6936.430176,,,,,
2018-02-07,7701.25,,,,,
2018-02-08,7593.779785,,,,,
2018-02-09,8259.259766,,,,,
2018-02-10,8696.830078,,,,,
2018-02-11,8569.320313,,,,,
2018-02-12,8084.609863,,,,,
2018-02-13,8911.169922,,,,,
2018-02-14,8544.69043,,,,,
2018-02-15,9485.639648,,,,,
2018-02-16,10033.75,,,,,
2018-02-17,10188.730469,,,,,
2018-02-18,11097.209961,,,,,
2018-02-19,10418.120117,,,,,
2018-02-20,11182.280273,,,,,
2018-02-21,11256.780273,,,,,
2018-02-22,10481.660156,,,,,
2018-02-23,9847.959961,,,,,
2018-02-24,10175.509766,,,,,
2018-02-25,9705.730469,,,,,
2018-02-26,9610.110352,,,,,
2018-02-27,10326.5,,,,,
2018-02-28,10594.759766,,,,,
2018-03-01,10334.44043,,,,,
2018-03-02,10929.370117,,,,,
2018-03-03,11043.120117,,,,,
2018-03-04,11465.360352,,,,,
2018-03-05,11503.94043,,,,,
2018-03-06,11440.330078,,,,,
2018-03-07,10735.450195,,,,,
2018-03-08,9928.55957,,,,,
2018-03-09,9316.769531,,,,,
2018-03-10,9252.759766,,,,,
2018-03-11,8797.269531,,,,,
2018-03-12,9543.980469,,,,,
2018-03-13,9142.269531,,,,,
2018-03-14,9160.120117,,,,,
2018-03-15,8216.219727,,,,,
2018-03-16,8267.950195,,,,,
2018-03-17,8283.230469,,,,,
2018-03-18,7882.669922,,,,,
2018-03-19,8215.5,,,,,
2018-03-20,8623.139648,,,,,
2018-03-21,8920.530273,,,,,
2018-03-22,8911.370117,,,,,
2018-03-23,8724.980469,,,,,
2018-03-24,8935.509766,,,,,
2018-03-25,8548.389648,,,,,
2018-03-25,8472.55957,,,,,
2018-03-26,8152.180176,,,,,
2018-03-27,7808.419922,,,,,
2018-03-28,7959.779785,,,,,
2018-03-29,7106.620117,,,,,
2018-03-30,6853.75,,,,,
2018-03-31,6943.77002,,,,,
2018-04-01,6835.580078,,,,,
2018-04-02,7074.649902,,,,,
2018-04-03,7434.299805,,,,,
2018-04-04,6815.5,,,,,
2018-04-05,6790.450195,,,,,
2018-04-06,6634.859863,,,,,
2018-04-07,6917.200195,,,,,
2018-04-08,7049.919922,,,,,
2018-04-09,6789.529785,,,,,
2018-04-10,6871.069824,,,,,
2018-04-11,6977.040039,,,,,
2018-04-12,7927.72998,,,,,
2018-04-13,7898.740234,,,,,
2018-04-14,8022.509766,,,,,
2018-04-15,8376.730469,,,,,
2018-04-16,8079.77002,,,,,
2018-04-17,7921.649902,,,,,
2018-04-18,8189.919922,,,,,
2018-04-19,8301.820313,,,,,
2018-04-20,8877.150391,,,,,
2018-04-21,8935.849609,,,,,
2018-04-22,8823.459961,,,,,
2018-04-23,8967.860352,,,,,
2018-04-24,9657.69043,,,,,
2018-04-25,8873.570313,,,,,
2018-04-26,9289.009766,,,,,
2018-04-27,8938.469727,,,,,
2018-04-28,9349.94043,,,,,
2018-04-29,9407.349609,,,,,
2018-04-30,9248.25,,,,,
2018-05-01,9077.280273,,,,,
2018-05-02,9232.19043,,,,,
2018-05-03,9746.259766,,,,,
2018-05-04,9700.370117,,,,,
2018-05-05,9846.44043,,,,,
2018-05-06,9643.990234,,,,,
2018-05-07,9377.080078,,,,,
2018-05-08,9196.129883,,,,,
2018-05-09,9321.519531,,,,,
2018-05-10,9032.219727,,,,,
2018-05-11,8420.820313,,,,,
2018-05-12,8488.070313,,,,,
2018-05-13,8709.459961,,,,,
2018-05-14,8672.879883,,,,,
2018-05-15,8480.160156,,,,,
2018-05-16,8342.69043,,,,,
2018-05-17,8071.040039,,,,,
2018-05-18,8247.910156,,,,,
2018-05-19,8249.240234,,,,,
2018-05-20,8533.219727,,,,,
2018-05-21,8419.669922,,,,,
2018-05-22,7992.75,,,,,
2018-05-23,7505.77002,,,,,
2018-05-24,7584.779785,,,,,
2018-05-25,7475.359863,,,,,
2018-05-26,7355.060059,,,,,
2018-05-27,7362.22998,,,,,
2018-05-28,7118.879883,,,,,
2018-05-29,7474.75,,,,,
2018-05-30,7393.02002,,,,,
2018-05-31,7501.740234,,,,,
2018-06-01,7530.549805,,,,,
2018-06-02,7643.259766,,,,,
2018-06-03,7719.72998,,,,,
2018-06-04,7503.319824,,,,,
2018-06-05,7629.399902,,,,,
2018-06-06,7661.790039,,,,,
2018-06-07,7700.399902,,,,,
2018-06-08,7627.560059,,,,,
2018-06-09,7513.759766,,,,,
2018-06-10,6773.720215,,,,,
2018-06-11,6887.430176,,,,,
2018-06-12,6556.939941,,,,,
2018-06-13,6310.430176,,,,,
2018-06-14,6643.629883,,,,,
2018-06-15,6396.709961,,,,,
2018-06-16,6503.100098,,,,,
2018-06-17,6457.779785,,,,,
2018-06-18,6714.560059,,,,,
2018-06-19,6741.279785,,,,,
2018-06-20,6761.27002,,,,,
2018-06-21,6720.640137,,,,,
2018-06-22,6051.470215,,,,,
2018-06-23,6166.359863,,,,,
2018-06-24,6157.779785,,,,,
2018-06-25,6260.399902,,,,,
2018-06-26,6092.259766,,,,,
2018-06-27,6141.569824,,,,,
2018-06-28,5870.810059,,,,,
2018-06-29,6203.810059,,,,,
2018-06-30,6385.430176,,,,,
2018-07-01,6342.689941,,,,,
2018-07-02,6616.600098,,,,,
2018-07-03,6508.430176,,,,,
2018-07-04,6589.77002,,,,,
2018-07-05,6534.810059,,,,,
2018-07-06,6602.029785,,,,,
2018-07-07,6758.080078,,,,,
2018-07-08,6707.459961,,,,,
2018-07-09,6668.839844,,,,,
2018-07-10,6306.870117,,,,,
2018-07-11,6394.359863,,,,,
2018-07-12,6253.660156,,,,,
2018-07-13,6229.609863,,,,,
2018-07-14,6268.319824,,,,,
2018-07-15,6364.259766,,,,,
2018-07-16,6740.540039,,,,,
2018-07-17,7326.759766,,,,,
2018-07-18,7383.390137,,,,,
2018-07-19,7477.100098,,,,,
2018-07-20,7333.930176,,,,,
2018-07-21,7405.399902,,,,,
2018-07-22,7398.640137,,,,,
2018-07-23,7718,,,,,
2018-07-24,8395.80957,,,,,
2018-07-25,8170.370117,,,,,
2018-07-26,7937.100098,,,,,
2018-07-27,8182.879883,,,,,
2018-07-28,8230.820313,,,,,
2018-07-29,8216.700195,,,,,
2018-07-30,8176.080078,,,,,
2018-07-31,7736.25,,,,,
2018-08-01,7610.899902,,,,,
2018-08-02,7542.339844,,,,,
2018-08-03,7417.600098,,,,,
2018-08-04,7017.890137,,,,,
2018-08-05,7042.569824,,,,,
2018-08-06,6945.77002,,,,,
2018-08-07,6723.290039,,,,,
2018-08-08,6285.060059,,,,,
2018-08-09,6543.25,,,,,
2018-08-10,6152.950195,,,,,
2018-08-11,6242.529785,,,,,
2018-08-12,6322.410156,,,,,
2018-08-13,6263.200195,,,,,
2018-08-14,6199.629883,,,,,
2018-08-15,6274.220215,,,,,
2018-08-16,6323.810059,,,,,
2018-08-17,6591.180176,,,,,
2018-08-18,6405.740234,,,,,
2018-08-19,6502.240234,,,,,
2018-08-20,6270.089844,,,,,
2018-08-21,6491.089844,,,,,
2018-08-22,6366.140137,,,,,
2018-08-23,6539.129883,,,,,
2018-08-24,6708.939941,,,,,
2018-08-25,6749.709961,,,,,
2018-08-26,6720.600098,,,,,
2018-08-27,6915.919922,,,,,
2018-08-28,7091.379883,,,,,
2018-08-29,7051.609863,,,,,
2018-08-30,6998.759766,,,,,
2018-08-31,7026.959961,,,,,
2018-09-01,7203.459961,,,,,
2018-09-02,7301.25,,,,,
2018-09-03,7270.049805,,,,,
2018-09-04,7369.890137,,,,,
2018-09-05,6705.060059,,,,,
2018-09-06,6515.419922,,,,,
2018-09-07,6413.120117,,,,,
2018-09-08,6200.22998,,,,,
2018-09-09,6249.069824,,,,,
2018-09-10,6324.430176,,,,,
2018-09-11,6295.540039,,,,,
2018-09-12,6337.080078,,,,,
2018-09-13,6492.169922,,,,,
2018-09-14,6485.390137,,,,,
2018-09-15,6522.680176,,,,,
2018-09-16,6502.439941,,,,,
2018-09-17,6261.330078,,,,,
2018-09-18,6346.439941,,,,,
2018-09-19,6398.830078,,,,,
2018-09-20,6505.970215,,,,,
2018-09-21,6762.069824,,,,,
2018-09-22,6716.600098,,,,,
2018-09-23,6702.72998,,,,,
2018-09-24,6583.529785,,,,,
2018-09-25,6437.740234,,,,,
2018-09-26,6462.600098,,,,,
2018-09-27,6686.129883,,,,,
2018-09-28,6635.399902,,,,,
2018-09-29,6603.75,,,,,
2018-09-30,6623.819824,,,,,
2018-10-01,6594.97998,,,,,
2018-10-02,6525.459961,,,,,
2018-10-03,6492.609863,,,,,
2018-10-04,6580,,,,,
2018-10-05,6632.879883,,,,,
2018-10-06,6589.939941,,,,,
2018-10-07,6601.459961,,,,,
2018-10-08,6650.069824,,,,,
2018-10-09,6631.790039,,,,,
2018-10-10,6581.069824,,,,,
2018-10-11,6209.470215,,,,,
2018-10-12,6252.100098,,,,,
2018-10-13,6267.27002,,,,,
2018-10-14,6277.72998,,,,,
2018-10-15,6612.689941,,,,,
2018-10-16,6583.049805,,,,,
2018-10-17,6576.399902,,,,,
2018-10-18,6489.370117,,,,,
2018-10-19,6469.279785,,,,,
2018-10-20,6490.600098,,,,,
2018-10-21,6509.870117,,,,,
2018-10-22,6484.319824,,,,,
2018-10-23,6470.629883,,,,,
2018-10-24,6476.52002,,,,,
2018-10-25,6462.77002,,,,,
2018-10-26,6457.209961,,,,,
2018-10-27,6470.169922,,,,,
2018-10-29,6470.740234,,,,,
2018-10-30,6314.379883,,,,,
2018-10-31,6309.109863,,,,,
2018-11-01,6342.810059,,,,,
2018-11-02,6381.299805,,,,,
2018-11-03,6394.649902,,,,,
2018-11-04,6376.549805,,,,,
2018-11-05,6467.049805,,,,,
2018-11-06,6433.529785,,,,,
2018-11-07,6479.720215,,,,,
2018-11-08,6530.939941,,,,,
2018-11-09,6446.060059,,,,,
2018-11-10,6377.990234,,,,,
2018-11-11,6396.390137,,,,,
2018-11-12,6408.180176,,,,,
2018-11-13,6375.080078,,,,,
2018-11-14,6339.169922,,,,,
2018-11-15,5740.509766,,,,,
2018-11-16,5647.5,,,,,
2018-11-17,5586.970215,,,,,
2018-11-18,5567.950195,,,,,
2018-11-19,5615.259766,,,,,
2018-11-20,4809.620117,,,,,
2018-11-21,4441.810059,,,,,
2018-11-22,4593.040039,,,,,
2018-11-23,4320.680176,,,,,
2018-11-24,4343.419922,,,,,
2018-11-25,3854.110107,,,,,
2018-11-26,4004.459961,,,,,
2018-11-27,3784.77002,,,,,
2018-11-28,3822.98999,,,,,
2018-11-29,4263.52002,,,,,