2014-03-04,662.179993,1026802.0341174359,272021
2014-05-16,453.630005,651741.4252154755,193788
2014-11-21,357.299988,1319260.3127938958,237094
2010-11-10,0.21,68695.56000000006,508
2011-07-02,15.4,874963.5931892666,33491
2011-08-22,10.9,281690.91140248923,24959
2011-09-06,6.86,3155558.0407474833,17884
2012-01-06,6.95,612913.5521010209,15147
2013-03-08,42,1209131.4149786856,129132
2013-05-02,106.25,907309.0850270833,157671
2011-09-02,8.64,261134.69142115163,15739
2014-06-06,650.409973,1049433.7224838682,194912
2012-08-28,10.94,6796522.212633853,69389
2010-08-31,0.06,49352.97999650002,553
2011-03-21,0.7411,158865.79717934894,8231
2012-04-06,4.95,591961.5428116615,15828
2010-10-10,0.0965,127348.13000000015,478
2013-12-03,1096.560059,1190034.162242893,200251
2013-09-19,135.050003,833883.7812330244,139143
2013-02-13,25.17,1221054.8355691237,134620
2010-12-30,0.3,73050.61238552025,916
2011-08-28,9.07,189234.79514337002,17795
2011-11-10,2.95,361640.37551447045,14941
2010-09-08,0.062,25897.809996599957,435
2010-11-02,0.1955,71326.09000000003,343
2011-09-14,5.62,302619.0245444195,14563
2011-11-05,3.11,291981.0489827331,12887
2012-07-21,8.85,2380759.9394470532,77123
2014-06-03,669.429993,906999.065891679,213202
2014-07-13,628.030029,482605.8066233787,226973
2014-08-21,517.940002,769920.7782536017,225979
2013-04-01,104,1449066.3509716168,149296
2013-08-07,105.989998,813434.5173145774,133558
2010-09-04,0.06238,39076.35999999999,326
2010-12-05,0.205,33376.789999999986,561
2011-03-15,0.8949,127120.49663035941,4522
2011-11-20,2.2,1540434.7025205232,11830
2012-02-17,4.27,980044.4430390764,15005
2013-04-23,143.479996,1580194.3889653843,169007
2013-12-22,640.47998,920403.1394986963,146823
2014-02-27,593.140015,578796.5016019285,221110
2014-03-30,477.109985,601591.0737825343,209870
2014-03-30,446.920013,601591.0737825343,209870
2014-05-21,488.839996,724297.9235768775,205246
2011-12-20,3.52,532264.0864632697,13949
2010-12-17,0.25,71388.90118798021,644
2014-03-09,609.210022,947172.4039733277,207368
2014-10-29,351.059998,799636.4879915589,257006
2012-02-19,4.22,396081.7026653528,15405
2013-10-19,183.149994,1007342.9320242918,139711
2014-04-19,506.019989,460095.5666804499,161652
2014-05-26,582.01001,760758.6263280611,199531
2010-07-22,0.0505,48431.620000000046,524
2011-08-02,12.05,405232.6471536968,21647
2011-10-12,4.15,321810.7430451884,13466
2011-11-03,3.25,355587.8558649989,12571
2013-08-08,103.050003,725445.1482030039,131024
2014-01-13,939.789978,529745.6571677114,179728
2014-07-17,626.580017,468015.24890148966,204415
2013-07-27,94.400002,461605.52506852447,87186
2012-03-04,4.61,685564.1119685895,17653
2013-11-08,309.649994,1071531.006728973,149257
2012-01-20,6.36,364501.097233476,15611
2010-08-06,0.0623,25932.00999999996,497
2012-05-02,5.07,1083940.5646185372,23224
2010-11-25,0.283,59652.19000000245,5201
2011-09-08,6.53,394870.548381771,15496
2010-12-18,0.24,91230.61674275024,759
2011-02-23,0.8702,371700.0178537658,3942
2013-05-11,115.639999,675124.7525445367,196327
2011-10-31,3.27,389442.4230162591,11620
2013-06-22,108.199997,435026.7321188101,107143
2013-08-11,105,429554.22934167256,89501
2011-02-10,1.09,226594.8123716989,3610
2011-04-05,0.71,129618.8349847601,4472
2011-07-09,14.38,2083212.7505271193,23297
2012-04-24,5.1,749693.4413140155,18844
2013-04-25,141.710007,1637341.3688475948,175841
2013-10-08,136.490005,720282.9121194727,117466
2014-06-04,638.929993,1034394.4935154585,199372
2014-09-08,475.690002,502091.93304958113,220567
2014-09-26,404.459991,564149.0044239898,216112
2014-10-13,387.320007,777900.5169416034,243395
2010-08-15,0.06529,27266.57999999999,344
2010-08-29,0.064,16704.58999999999,312
2011-02-28,0.89,132383.50785377074,3025
2011-03-18,0.8254,176714.04423441985,3781
2011-03-25,0.8669,293846.99056669866,4379
2011-07-27,13.94,1276712.789058922,24031
2011-10-04,4.96,419368.9962691837,12827
2011-12-05,2.83,2968213.926969241,14548
2012-12-23,13.37,869430.5680696822,86707
2013-04-12,117,1774103.0002263822,159407
2013-11-02,213.429993,649240.364890047,103851
2014-06-23,591.169983,623384.0952180767,193983
2014-07-23,621.690002,414650.4000251452,199524
2012-01-22,6.18,276740.44018380356,12817
2011-05-08,3.87,540879.7364653351,6274
2010-10-12,0.0949,85823.95000000008,481
2013-02-23,30.25,1283683.5868594355,133221
2010-09-12,0.0615,27417.380000299963,488
2012-07-16,8.5,2110624.7693254985,71150
2010-08-28,0.0641,25129.519991499983,433
2011-10-23,3.17,570977.9626498079,12380
2011-12-19,3.19,485365.33824397053,13691
2013-08-27,131.289993,910293.5517242328,142057
2014-03-22,549.599976,420925.04319925635,193262
2014-08-06,589.77002,465456.20366910513,248227
2012-08-29,10.92,14702323.791162627,74111
2012-10-18,11.94,3397926.9933370496,76660
2012-12-08,13.5,1008269.9179095427,76697
2013-03-21,64.489998,2041885.3231017487,138961
2013-04-21,119.199997,983216.8253800814,130316
2013-06-13,103.949997,607556.9546027094,108891
2014-06-08,651.049988,772391.1623081431,198457
2013-07-01,88.050003,868945.4266259453,94321
2014-10-14,397.100006,892500.910761602,228745
2011-08-16,10.96,368317.9419093645,22301
2014-05-28,570.840027,869282.3391829553,213511
2010-08-20,0.0655,39228.40999999999,538
2013-07-30,107.959999,1007108.9470715789,99741
2013-11-14,434.850006,1155028.5940023728,176971
2014-01-25,916.549988,463780.2736708715,150854
2012-03-03,4.7,386748.7410767788,13287
2012-05-20,5.09,2019018.7530268563,67456
2012-11-30,12.45,789652.1925120447,72601
2014-06-20,590.75,563146.4863824019,181765
2014-12-02,378.609985,1369541.0359989959,293681
2010-11-18,0.2299,72348.46108788044,1585
2011-09-29,4.78,333784.4905829194,12649
2011-12-18,3.2,332854.3518670601,11067
2014-05-11,433.230011,450023.2819290471,222897
2012-06-06,5.46,2509554.330637637,36468
2014-08-16,522.01001,673986.8053887285,198142
2010-10-19,0.097,278433.5000000004,1395
2012-08-20,10.1,9594904.589375203,78060
2012-01-07,6.7,319299.8647046885,13445
2013-08-14,112.559998,1341894.8532690846,115770
2010-07-18,0.08584,44670.09,572
2011-04-01,0.7741,87360.50827105004,3369
2011-09-27,4.92,430127.049631336,17944
2012-01-30,5.38,333595.67823981034,14990
2012-03-09,4.93,598061.3959900195,17520
2012-06-01,5.27,2969598.765372295,60350
2014-06-14,583.419983,460635.3132671425,173965
2012-01-04,4.88,400594.0258746675,12869
2013-02-24,29.799999,1707485.58272105,128666
2014-07-11,632.900024,423733.29769904754,189315
2011-06-14,19.280001,1548939.845940403,34917
2010-10-05,0.0614,200021.78000020026,530
2011-09-17,4.77,354198.945777621,12328
2012-04-14,4.96,997458.4372921883,19534
2013-10-28,206.910004,645713.4670991059,123988
2013-12-31,804.830017,508295.96411948116,143237
2014-02-20,261.529999,563356.8614577285,218667
2010-08-23,0.06491,28426.10999999997,445
2011-04-14,1,153831.9801819596,5849
2011-10-21,2.57,567714.1007698465,11530
2011-12-02,3.06,5491730.465489687,14339
2012-06-20,6.67,1715715.3374440502,78498
2012-09-27,12.31,1379102.8973569649,69386
2013-01-30,19.530001,2692071.856304566,97156
2014-11-15,396.529999,811752.5168565017,210563
2011-11-02,3.15,409010.2870698311,12416
2012-05-11,4.96,1539746.7391950798,41602
2012-10-27,10.26,1686595.0949733239,45075
2012-12-31,13.45,1369985.741925839,74607
2013-05-30,128.800003,629587.8097473219,149719
2013-09-11,142.100006,831685.5440353707,116004
2013-10-31,208,685268.2529846665,150881
2014-05-24,520.460022,915433.5492301194,155791
2014-08-03,588.940002,421225.0773261688,211180
2014-10-24,355.100006,711103.090469604,216210
2014-11-24,365.850006,798399.7886173568,252224
2010-11-17,0.223,74432.52000000012,533
2011-08-24,10.85,566392.5134067574,21373
2011-10-02,5.03,322246.9086413011,11530
2011-11-16,2.33,2032325.79456676,13193
2013-01-12,14.14,980520.6654975817,104393
2013-07-21,92,496772.6105622407,86178
2013-09-02,144,813920.6209655923,120104
2014-11-06,338.01001,755795.9708100823,262777
2012-05-12,4.95,3202564.878930752,39554
2011-04-21,1.21,439075.75172482023,3951
2011-10-06,4.73,535348.959601035,13412
2014-08-23,497.679993,704590.9599892049,169967
2010-10-06,0.06281,130051.46000109009,540
2011-04-29,2.88,786624.1105554437,7414
2011-09-13,5.8,358543.61211380386,14598
2012-08-14,12.19,1518953.173136678,78152
2013-06-25,103.330002,717288.4712308651,102696
2013-11-03,211.690002,593816.3634969493,101254
2014-07-07,613.599976,470317.6104291207,210116
2014-10-31,344.859985,1292623.2001612277,239679
2011-12-01,2.97,2124335.455248147,15186
2010-10-22,0.1025,137128.13,887
2012-02-06,5.69,324839.76775656047,14087
2012-09-14,11.67,18031417.298959713,85325
2013-04-05,142.320007,2062457.6416248097,165155
2013-12-15,908.940002,462646.4293682622,145881
2014-02-03,953.309998,482423.65230915765,197060
2014-10-01,382.839996,700946.5241216414,264989
2012-04-28,4.98,889247.3966144302,18412
2013-05-13,117.980003,1122091.9656585269,181564
2012-01-01,4.72,347503.74607599934,12135
2014-02-14,451.440002,729124.9750386742,222479
2012-05-03,5.13,1216898.0663705836,32186
2012-06-18,6.31,2517870.8345972258,87377
2011-01-31,0.4799,197757.5798232482,2476
2014-04-11,435.140015,785031.389653984,199899
2010-12-14,0.2299,124866.34152496056,973
2010-07-25,0.0505,58615.42999999863,3336
2012-06-19,6.5,2119402.7736476907,82133
2013-05-03,98.099998,809308.0039578767,144723
2010-10-26,0.1503,193392.71000000005,724
2014-03-24,551.159973,675804.2102852279,237775
2010-08-25,0.0648,26711.09999999998,428
2013-07-20,89.82,495922.44695372996,85517
2012-11-03,10.47,1912720.7814646587,61256
2010-12-27,0.265,99819.17496207013,808
2011-04-20,1.14,4794062.3969518235,5593
2011-07-30,13.53,332213.2633707089,19430
2012-01-13,6.8,410308.2560485014,15820
2012-09-03,10.53,3714021.9559016656,82490
2014-02-09,648.780029,491172.0021583268,163716
2010-11-28,0.283,32883.599999999904,677
2013-05-23,126.300003,712349.9549767452,155659
2010-11-20,0.28,164900.26000000464,10042
2012-04-03,4.95,824059.6579534536,17522
2012-11-13,11.01,854362.51473737,63963
2013-07-10,88,1085169.0496043242,106626
2013-10-22,202.990005,1207623.1046485063,166249
2014-01-23,950.950012,512798.0315144989,177189
2012-02-29,4.87,338421.948010767,17312
2014-09-09,474.899994,523185.4690178789,239736
2010-08-27,0.065,37247.29999999998,356
2010-12-20,0.2401,91079.74700381976,1577
2012-05-08,5.05,3898869.819750718,40031
2012-11-27,12.25,1431090.1140632161,68144
2014-12-04,376.959991,1067513.5294125972,275535
2010-07-28,0.0589,75510.53000000096,2063
2010-09-18,0.061,55472.58000000004,464
2011-07-12,14.01,1074465.2640610847,23442
2011-07-21,13.61,1340310.0380365679,24942
2012-01-26,5.75,421377.33216917684,15313
2012-11-29,12.35,1210830.3570909663,87851
2012-12-13,13.7,3839017.0493196934,95183
2013-07-05,68.5,1074563.2906985674,89605
2013-10-13,147.529999,712638.6929775667,137018
2014-08-17,485.5,502236.3566195184,248443
2012-09-15,11.75,6923687.502882618,62772
2013-05-12,114.82,562565.7028012732,182638
2014-06-17,605.090027,483436.5513803393,222335
2010-09-05,0.0616,145459.70999999996,384
2013-08-12,106.809998,847386.8341264889,142011
2014-04-01,463.450012,687092.912881884,203308
2012-07-24,8.6,1750237.9378963606,63346
2013-03-09,44.18,1024157.1787968081,127533
2012-12-07,13.3,2083190.9273768673,71997
2012-07-29,8.71,1109812.680525975,75186
2011-05-05,3.33,169843.60845060876,7475
2011-10-11,3.93,333061.8957159183,13550
2012-02-21,4.36,394178.9914408185,15026
2013-05-08,113.199997,832093.7626809762,181575
2013-06-18,107.349998,643222.1556689673,105594
2013-08-15,109.989998,821528.5495821129,138975
2011-11-12,3.08,267113.9905101006,11906
2011-03-02,0.9202,2444314.860583848,3547
2011-04-16,1.05,352374.02122540114,4294
2011-10-26,2.77,429847.49239344074,11891
2012-02-25,5.03,422153.79517132806,16300
2012-05-19,5.1,1232620.027137979,75313
2012-07-09,7.02,2132703.21986063,56730
2012-07-25,8.8,1024844.9260709193,62495
2013-02-12,24.65,1273851.45833005,131729
2013-03-04,34.5,979042.0445305597,147372
2013-10-30,216,717093.1600918346,128273
2014-04-03,436.309998,789006.9323177593,177115
2014-09-29,376.769989,704387.9496800326,213742
2012-09-30,12.4,1440029.6269040094,56308
2012-07-19,8.87,1228132.2211496183,70836
2010-08-24,0.065,31843.90999999997,465
2011-10-16,3.56,261317.32685958204,11235
2012-01-02,5.27,262630.4326216489,12339
2012-07-01,6.63,1346647.645906471,43286
2014-07-25,600.5,495814.6996094662,201147
2014-02-12,578.960022,619251.5189081854,172168
2014-05-08,441.109985,1349234.5323342707,201923
2010-10-23,0.1055,51895.33000000007,745
2014-12-05,369.839996,1159419.0533024217,291700
2013-08-20,121.199997,972227.2130012513,144404
2011-06-12,18.549999,1840113.992221002,29299
2010-11-07,0.39,101803.73,537
2011-01-19,0.313,68255.26370812027,1565
2011-04-04,0.68,152885.2548654302,4780
2011-06-13,19.84,1278971.5674338145,27520
2012-05-30,5.14,2390970.270556294,56634
2012-10-04,12.85,1195762.5508441993,76197
2012-10-29,10.7,1015491.5022747429,56761
2013-09-06,121.900002,701587.705390713,140378
2013-10-03,130.990005,927030.8008511487,143553
2013-10-04,136.820007,802173.6907205824,126713
2014-10-25,346.720001,914765.1895410038,266702
2014-11-07,347.670013,859523.1499922081,235833
2013-05-17,123.5,853440.749934433,152342
2012-06-15,6.5,3468722.514480219,120938
2013-01-02,13.3,1947296.2427248468,95666
2010-11-15,0.279,272037.71000000177,8690
2012-02-12,5.6,326236.9309737116,17621
2013-04-09,230,2079535.470110934,169453
2014-10-22,378.929993,866640.0390921679,237928
2010-11-24,0.2829,47459.080000000344,4141
2011-05-24,7.42,369324.08294083143,14173
2011-06-10,23.950001,932800.6230824597,25899
2012-05-31,5.18,4791320.629212327,47871
2012-09-09,11.02,3899432.3350061146,69666
2013-10-23,227.970001,1090723.8739803215,146293
2014-01-29,932.679993,485524.85479663213,164994
2014-04-08,466.559998,460051.04219678923,204145
2014-10-07,331.649994,863049.4236629783,231672
2014-09-07,485.75,372332.04635914986,299744
2012-09-26,12.27,1737748.1545428974,75726
2010-12-08,0.233,41547.31528565998,727
2011-01-12,0.3266,67528.74201638048,1664
2011-05-14,7.2,1799447.188497779,10095
2011-06-07,23.92,534304.4432804035,18657
2012-03-17,5.34,468179.5611072785,17327
2012-05-22,5.1,4062364.5581069044,51377
2012-11-05,10.8,2302743.5885826354,79895
2013-12-17,759.919983,1586643.438114329,186643
2014-09-03,480.040009,502331.3873871306,201280
2010-09-07,0.061,26241.25999999997,327
2014-09-06,484.470001,316335.5748756308,188251
2010-11-11,0.24,52568.51000000004,480
2011-06-23,17.51,1634874.8124122184,27364
2011-08-25,9.66,380374.586724093,22010
2012-02-20,4.39,436470.04074008967,15254
2012-09-01,9.97,8746895.337630404,88545
2013-02-08,22.15,2189719.726647686,136224
2013-12-18,714.969971,1996820.8061159402,210013
2014-05-29,564.419983,659714.0451184391,199386
2011-05-29,8.43,274981.8985932284,12018
2011-04-28,2.21,156965.00428025972,6067
2013-03-28,88.919998,1826700.7578185971,158219
2013-09-25,135,827286.0876559779,132755
2014-04-30,445.630005,488615.8057375724,193179
2012-01-09,7.11,449033.5845111282,14303
2013-12-10,918.950012,837532.2577056782,176868
2010-10-02,0.0614,368886.84776813077,751
2012-04-09,4.87,1642155.4449903008,16039
2014-05-05,430.869995,633594.6815738444,200897
2011-09-04,8.18,1745298.4128896527,88145
2011-06-16,17,8770518.675372116,29188
2012-04-26,5.1,1857826.4681844872,23511
2013-03-05,36.150002,1938816.9346155222,130099
2014-11-01,337.869995,695834.0321817953,204095
2011-02-26,0.9111,178786.88050573927,3361
2011-05-23,7.15,472545.04805839574,13518
2011-09-18,5.2,298884.684052471,14765
2012-01-05,5.57,690507.1631058764,15809
2012-11-25,12.41,810454.8827416933,87482
2012-12-14,13.7,2928410.726917465,90953
2013-08-16,108.989998,1073581.7957927785,155254
2013-11-13,380.040009,1267483.082276838,161928
2014-11-14,428.720001,954336.7035946229,275084
2010-08-12,0.07,26552.82999999998,493
2012-04-19,5.14,694079.6733661618,18577
2011-09-09,5.03,408168.77536212036,17509
2010-07-24,0.05454,53191.96000000044,1307
2011-01-18,0.3495,111932.73092255021,1379
2012-01-14,6.41,345430.77857339825,16119
2012-08-25,10.52,4400537.453291491,71525
2012-10-30,10.6,4170129.2039265726,75375
2013-09-21,134.380005,452074.3134449825,126571
2013-10-15,158.089996,924504.8132575596,133591
2014-02-02,940.419983,492688.41578988935,157863
2014-04-22,487.910004,886317.3471755161,242759
2014-09-13,478.170013,329720.30279285874,179205
2012-08-19,8,5931168.237380054,78825
2012-04-13,4.94,837527.9066912459,17653
2012-12-06,13.38,3259297.2473495016,89391
2014-10-20,380.390015,830307.6779119528,232021
2014-10-16,379.769989,1055720.1589948277,211837
2010-07-16,0.04951,86144.04000000039,1616
2010-12-21,0.267,111354.82959024013,964
2010-11-04,0.1931,166847.78108788,405
2013-01-19,15.7,1542714.32995015,125541
2011-10-18,2.42,343805.5473589595,11554
2013-07-14,94.419998,582276.5471818098,89571
2011-12-28,4.07,283396.8262780304,11712
2013-02-07,21.18,1728717.4854887715,137817
2013-12-12,919.929993,915052.3852160984,155747
2014-04-27,443.179993,304654.69931801007,206760
2014-08-11,575.890015,559067.8898128077,235703
2014-11-04,324.23999,1137149.3606769668,246801
2010-08-03,0.06,51833.600000000304,977
2010-10-27,0.1877,212510.17,814
2010-12-06,0.19,108080.0461329702,610
2011-04-25,1.56,107530.1610330798,5488
2013-07-17,98.5,1080936.137678121,96655
2011-04-07,0.7538,117972.65516610988,3568
2011-08-06,6.55,385468.10229894554,19259
2010-09-14,0.06199,40444.07440527997,538
2010-11-06,0.26,137435.36000000004,492
2012-04-15,4.97,1278078.6316144173,17304
2013-07-22,91.599998,903335.2894467805,93439
2014-04-28,441.920013,582844.6362666383,202643
2014-02-07,828.869995,867398.6647555755,198934
2014-07-28,587.929993,489947.479870676,200416
2011-07-26,13.88,1188491.087426648,23230
2010-10-13,0.105,123051.79000000007,490
2013-03-26,73.599998,1848864.3870633477,134613
2014-12-03,380.640015,1221569.8802191273,279434
2013-08-05,106.720001,851665.9578791332,119396
2012-03-27,4.81,575018.4149521734,17094
2011-02-08,0.89,75078.98459986006,1397
2012-01-03,5.22,270742.9719655901,13538
2014-06-26,582.700012,513326.250978018,191104
2010-09-25,0.06202,40298.09999999998,694
2014-01-28,943.539978,648369.5370177974,181141
2014-10-02,375.140015,599334.6896242655,213390
2014-12-10,352.190002,1324896.8268661741,254563
2013-04-20,126.620003,1097718.372367656,139990
2013-05-15,114.220001,752790.9070975049,180323
2010-12-19,0.241,107220.98693557031,801
2011-04-12,0.86,146482.58655754992,4391
2012-10-20,11.74,2695742.25752778,79258
2013-06-06,118.970001,753930.8785809956,134707
2014-02-19,293.950012,461038.0478128409,221129
2014-05-12,438.209991,553883.0326830258,210802
2013-09-23,133.399994,1001051.6013362266,152860
2011-10-03,5.02,408665.9201200303,14279
2011-11-29,2.55,3946499.9127108385,14190
2012-05-27,5.14,2022237.6282964048,56859
2012-07-05,6.67,2016864.6787340653,50527
2013-09-01,146.009995,823389.1154594343,111569
2013-10-05,136.699997,448746.4070953492,112553
2014-04-13,427.600006,415396.6018982862,203419
2011-03-04,0.9391,313547.496464519,3402
2013-02-01,20.41,1813676.667382611,136102
2014-08-12,567.659973,737827.3733812557,237409
2011-01-04,0.295,47239.41683802002,1408
2011-02-14,1.05,139976.3413772504,3512
2011-11-14,3,357027.2282639446,13481
2012-08-10,11.39,1680986.2862840367,63413
2012-09-04,10.38,6484795.366904205,89149
2012-11-06,10.75,1895933.057988408,78033
2013-03-19,51.599998,1944707.4175504795,112478
2013-10-01,140.300003,1088077.936122074,140505
2013-10-10,140.410004,753238.3640960706,137435
2013-12-05,1237.550049,1550468.1263604923,209808
2014-02-11,582.630005,701410.5387039703,172507
2014-05-09,445.450012,1255094.3922772314,197638
2014-09-11,478.48999,449455.9751351747,196900
2014-11-29,377.589996,978881.2496573889,219953
2011-09-15,4.84,299226.1306455012,14890
2011-01-20,0.313,61452.84683642002,1548
2013-08-21,123.300003,1275639.2973178166,136776
2012-02-23,4.42,692032.4884983083,19504
2012-08-05,10.87,1975735.4280882066,71168
2013-06-01,129.300003,485579.40437224874,138794
2013-06-14,100,722485.1901726938,120041
2012-01-24,6.36,384665.6377351768,16559
2014-08-28,510.75,733294.4163065973,223619
2011-01-08,0.32,67476.9900000006,2106
2013-06-02,122.5,431875.3385814607,130766
2014-08-04,592.77002,428826.62552547245,186797
2012-04-23,4.96,784560.5997863659,17381
2011-01-17,0.3868,67407.33470584013,1392
2012-06-16,6.4,3900349.1961001833,95124
2011-10-29,3.58,439568.97752971837,12487
2011-03-08,0.885,195532.3594479996,4436
2012-04-25,5.13,1018495.2133745843,18707
2012-12-12,13.56,3564199.865664686,86624
2013-01-08,13.59,2147948.0194345983,90430
2014-11-18,384.690002,983866.1459613994,255765
2010-12-12,0.228,56341.076446030296,1024
2011-05-03,3.41,197749.11756507898,6639
2011-05-09,3.8,164613.61808781905,7998
2011-08-26,8.18,285006.6563957861,19664
2012-10-23,11.65,2607540.365866073,81702
2012-11-01,11.2,2615517.503429628,59404
2013-01-16,14.25,2235038.364272207,120231
2014-08-31,481.779999,515766.19778096443,223276
2013-02-15,27.219999,1285435.3398250693,126934
2011-03-10,0.8645,344107.4063783708,3018
2011-10-20,2.35,298476.89633818984,10585
2012-03-23,4.7,899181.8358571597,14964
2013-05-05,115.980003,638182.829889083,153342
2011-03-19,0.8165,124917.96779294669,4717
2013-10-12,142.889999,697904.0551334139,119054
2010-11-29,0.27,45139.88000000001,600
2011-02-16,1.05,73041.48014566024,3264
2012-06-12,5.7,2589635.9254386616,45874
2013-05-19,122.5,423542.73131078266,128588
2013-09-04,132.509995,912174.7133850355,121498
2014-11-11,367.149994,698875.8992008374,243906
2011-05-28,8.3,232708.37175828815,12026
2011-02-11,0.9803,261210.76965498432,4219
2011-03-06,0.9103,196699.27530033968,3511
2011-05-30,8.8,276895.0294756844,13928
2011-12-30,4.17,285359.04617160023,11628
2012-01-11,6.36,392406.1720119141,16628
2013-01-06,13.44,1101232.4396394528,81489
2013-02-27,31.1,1537173.620187131,143148
2013-10-18,168.279999,937574.965087672,138497
2014-12-01,374.929993,1310227.6194129228,271022
2011-05-20,5.59,356391.4211521363,11763
2011-01-25,0.4199,62414.47306542019,1484
2011-04-06,0.74,93418.19829749047,3820
2011-06-26,16.450001,4051611.749872954,22766
2011-07-28,13.49,3400297.3508655503,25217
2011-08-29,8.97,244084.58831878746,19515
2012-11-07,10.9,1854321.0880265129,86420
2013-06-17,101.949997,578844.9641158883,108704
2013-07-13,98.32,877018.0242665985,94632
2013-08-03,104.949997,676761.1740334277,104519
2014-01-08,879.900024,799048.9548847465,178553
2014-04-16,536.950012,808972.6864872357,210738
2014-09-17,461.089996,477371.02960152715,227493
2014-11-26,376.429993,1052627.4918642365,238579
2013-02-20,29.42,1200831.6777606483,139946
2011-09-20,6.11,353525.5599672391,22031
2012-07-10,7.2,2170880.381021697,77306
2010-10-21,0.107,195603.98776615024,791
2011-07-08,14.31,313015.0966834881,24830
2013-07-07,76.5,643880.6269587093,77434
2011-01-05,0.2989,57126.419342910594,1892
2012-03-31,4.91,883701.6333436043,15545
2012-06-07,5.59,4841143.674470781,70830
2012-06-03,5.21,1731492.3639394285,72633
2011-07-14,13.99,1931402.227280208,29173
2011-12-22,3.89,438479.16971641866,14082
2012-07-26,8.9,2318516.0422320506,68524
2012-10-31,10.89,3787017.537697942,68479
2012-12-29,13.42,994091.6860015319,93261
2013-02-28,30.9,1485857.8408112407,147950
2013-08-25,122.110001,555654.0470281923,103684
2014-03-28,460.450012,827702.7214607233,210541
2014-06-19,600.169983,723576.4639288564,194640
2014-09-05,483.649994,494053.5259121231,208264
2014-10-28,350.089996,843974.1008644733,250316
2010-10-04,0.0613,563662.8900009905,582
2011-12-24,3.95,314191.0936825816,10768
2012-03-25,4.68,423949.86526911764,15160
2012-03-25,4.55,423949.86526911764,15160
2012-04-29,4.9,989035.5879180259,18840
2012-07-02,6.76,1191336.145647704,55978
2014-04-24,500.290009,442259.666068336,218028
2014-05-03,438.649994,557392.9598777242,155202
2014-06-21,597.039978,461927.0467461352,172269
2014-02-13,531.130005,646304.3605423977,196981
2011-02-19,0.8989,185495.9899999992,2757
2011-09-16,4.82,674606.8613382363,13856
2012-08-23,10.1,7638815.715564601,70630
2012-12-27,13.47,814543.8785454152,103079
2013-03-23,69.870003,1438447.329856523,137255
2014-01-10,936.950012,569351.6094948681,154089
2013-10-26,188.559998,686765.469394588,118978
2012-11-11,10.89,423492.02004409215,59564
2012-06-22,6.55,2275711.5041519115,55611
2012-01-19,5.92,403258.478418699,16244
2010-12-04,0.251,76656.77197510013,563
2011-01-11,0.3266,112912.82767407958,2026
2012-08-27,10.95,6317082.62540675,71241
2012-10-02,12.84,2006735.601085666,74601
2012-11-21,11.73,926696.989924132,92979
2013-01-29,18.719999,2426699.9486298715,122716
2014-09-27,399.019989,519088.8141374828,214707
2013-02-26,30.4,1633163.9133906628,146211
2010-08-16,0.0655,76524.87999999999,609
2011-05-18,6.88,195399.78483869217,13551
2011-07-19,13.85,2741633.678312584,24319
2011-10-07,4.27,382974.58549868886,13430
2012-01-25,6.29,422796.05051997764,18292
2012-02-07,5.45,321202.6705603082,15930
2012-04-11,4.93,1518655.9868821837,18813
2012-12-22,13.5,1402903.979164813,114963
2013-04-10,165,2880396.260200107,169321
2013-05-18,123.209999,748211.0091831492,134039
2013-11-01,211.169998,636845.8532199528,117133
2013-11-22,764.909973,2393219.9973576604,201448
2013-11-23,802,1533323.423311649,185569
2014-07-03,638.030029,604883.4645470763,198364
2014-09-19,397.670013,709207.1747237701,190782
2013-09-30,141.899994,826774.0366653597,115037
2011-11-22,2.29,3594803.50912682,12674
2011-12-11,3.05,869506.6727172484,12259
2012-05-15,5.04,3742452.9364761873,48447
2012-08-24,10.6,11064106.021227125,70314
2012-09-13,11.4,22554539.96289408,68249
2014-02-10,659.570007,802093.1247646812,198792
2014-09-20,411.529999,754422.1647003302,189403
2014-10-04,335.320007,653572.4996215414,225285
2013-03-02,34.5,1496205.8392946424,129340
2012-01-08,6.81,358241.75472938805,16069
2011-11-21,2.2,1695823.2116348874,11060
2012-10-14,11.74,1386647.6702173748,73362
2013-08-19,118.5,1115101.0196979882,158919
2014-01-14,922.909973,749007.4999402288,153584
2014-02-21,111.919998,521821.93313807587,212994
2014-03-07,648.26001,2470773.458651246,220926
2014-04-06,455.690002,443646.54863992636,212204
2014-04-20,498.51001,419106.17338330206,198712
2014-10-10,361.709991,985124.6401111917,236560
2010-07-27,0.06,40199.2,589
2010-07-19,0.0808,55849.75000000009,724
2010-07-26,0.056,99101.87000000001,576
2011-12-27,4.02,674356.1436250379,11937
2012-02-01,5.48,435407.6147683996,15972
2012-06-02,5.25,1991194.0503223808,30391
2013-11-18,528.299988,2124183.5963948322,197985
2013-11-29,1101.380005,2602929.4768032325,220122
2014-11-12,365.420013,1115072.510624497,274259
2013-01-22,16.799999,1463697.9200798403,100734
2013-02-04,20.59,2012536.7587783376,126713
2013-04-07,162.300003,1089589.6635102306,175995
2013-09-28,142.5,533432.6992054213,103142
2014-02-06,904.52002,664620.6976725798,210441
2014-06-13,610.349976,746631.527250325,200965
2014-12-09,364.950012,1153236.9624582021,252887
2010-07-17,0.04951,32747.879999999936,550
2010-08-26,0.064,24747.78999999998,435
2011-02-13,1.08,114122.5581797505,3182
2011-02-22,0.8345,357949.325468216,3859
2011-08-30,8.79,244186.903702869,17681
2011-10-10,4.1,317196.0916468917,13339
2013-01-09,13.74,1720210.1484405447,98575
2013-03-06,40.330002,2323920.566098854,143563
2013-06-23,107.900002,340381.4543649647,90080
2011-10-25,2.77,381484.742288525,12836
2010-09-01,0.0629,36607.58999740003,525
2011-03-29,0.7925,118250.87122949887,5638
2011-08-09,9.99,2488023.755888721,23816
2012-04-22,5.2,954638.2593669875,15540
2012-12-03,12.5,1732242.63318315,53616
2012-12-26,13.35,632401.3972737867,86156
2013-01-03,13.28,1742042.554884533,95841
2010-11-09,0.243,62617.220000000045,502
2011-03-09,0.87,252553.80282992878,3297
2011-08-20,11.45,232221.74860307423,21600
2012-04-20,5.35,2864389.570215788,19632
2013-01-14,14.12,1119697.5522373805,101155
2013-07-28,98.779999,618903.8238382583,88531
2013-09-12,139.350006,703128.1010985486,126600
2014-10-12,373.170013,473902.1303152479,299252
2014-10-27,348.670013,1075298.6676552163,264506
2014-03-21,565.98999,603562.3777200151,214166
2010-09-23,0.06231,138297.78999999998,850
2012-11-09,10.93,871909.5119834068,66194
2011-01-13,0.3188,129371.13360914009,1846
2014-07-30,564.640015,420687.4495900171,203920
2013-10-09,139.5,904684.5609581035,122663
2011-12-15,3.15,453661.71715995873,10781
2011-06-28,16.950001,6871645.4491865765,25377
2012-12-01,12.57,628526.6533343557,79316
2013-04-02,117.980003,2588519.0472881007,174895
2011-04-09,0.73,149397.08010000002,3698
2012-12-11,13.43,1614011.8720868952,95295
2010-12-16,0.238,93390.50356946033,771
2013-12-25,702.75,878219.3137555972,157533
2014-06-05,660.179993,950750.391346189,206870
2011-07-22,13.7,1559055.1671681642,24089
2011-12-09,2.98,2014674.792328765,12737
2012-03-29,4.81,1205888.0655455445,18051
2012-12-18,13.25,2372973.195658095,125859
2014-04-10,384.630005,832228.2936456682,208849
2010-08-05,0.061,51702.01000000014,717
2010-12-23,0.25,70159.65000000026,908
2011-01-26,0.41,74679.75999999997,1677
2012-03-02,4.92,566902.2281129829,18989
2012-03-05,4.82,381113.997021909,18469
2012-12-09,13.42,1406703.8227853272,72935
2013-07-08,76,837670.9307681033,93722
2013-09-16,139.419998,678260.9667399597,122743
2014-02-24,310.170013,776198.3130486048,256989
2014-11-16,374.859985,727901.1375412431,330823
2011-04-13,0.9225,187689.24387496908,4794
2012-01-27,5.34,360852.3027230688,14760
2012-06-05,5.44,4534755.435039747,94316
2012-09-07,11,18411825.080049444,73078
2014-06-07,651.669983,606545.1848586043,158544
2013-02-18,26.809999,1236821.9697270608,119598
2010-08-07,0.059,33022.91999999999,327
2012-02-22,4.27,787405.7134634589,17360
2012-08-09,11.06,1453200.8074988604,65667
2013-04-28,134.440002,579461.8821526809,173840
2013-07-18,90.07,1005895.8949385117,97226
2013-07-24,95.089996,907645.640231245,104949
2013-11-21,637.969971,2192970.7904537464,182606
2014-07-31,589.52002,427508.9224997051,209584
2014-08-18,462.179993,1016626.9505249426,222980
2013-07-16,97.099998,951379.7685435569,96775
2010-08-09,0.071,86863.22000000013,554
2011-03-28,0.799,143904.2024661192,5798
2011-07-07,14.78,472235.1569204508,22247
2012-07-20,8.52,1647322.1758636364,84755
2013-07-11,88.980003,1058476.9865529693,111915
2013-08-10,103,517054.8433239622,121316
2013-09-20,133.809998,734309.0158758273,140942
2014-08-27,515.22998,1439343.0969836172,213754
2013-03-13,44.290001,1505965.8431694156,137446
2013-07-09,76.699997,1160903.9313674702,97970
2014-03-25,567.559998,548070.4504904958,206907
2010-09-28,0.0619,92276.65503319995,645
2011-04-26,1.79,187985.8878922892,7080
2012-03-11,4.83,431371.20538152696,13866
2010-11-21,0.283,133035.999999971,10254
2012-10-05,12.69,2635513.828257719,86472
2011-04-17,1.11,1309286.8417738918,4527
2011-09-21,5.61,395955.0309948038,16777
2011-11-18,2.25,5073381.669641127,12031
2012-03-13,4.89,534531.9263542278,18245
2012-10-08,11.78,1776535.4279335667,95694
2013-04-11,124.900002,2399992.4660335733,184962
2013-04-16,68.360001,1769743.0000437442,182216
2013-06-12,108.779999,562038.7800447446,116494
2014-02-16,371.070007,628651.4744467069,156984
2014-03-31,444.660004,750539.665905113,199380
2014-10-19,387.279999,454054.118035283,296099
2011-01-10,0.323,90249.67856027988,1907
2010-07-20,0.07474,38952.340000000004,905
2010-12-31,0.3,67516.47335061023,854
2011-09-22,5.43,311078.82713509287,17123
2012-07-31,9.35,2974358.7035831213,88632
2013-08-26,120.07,707687.3928863596,127727
2014-08-14,504.799988,747261.4703318215,230769
2011-05-31,8.74,287589.04324133816,13962
2013-01-26,17.4,1344171.7461288327,119777
2013-06-26,104,627165.9003310758,111174
2014-07-04,623.960022,389934.98650207947,179158
2014-10-08,350.869995,904441.4520214755,221570
2014-10-21,382.350006,581714.0528852494,238486
2014-05-17,452.790009,486627.92486216774,161377
2011-01-06,0.299,39034.41227033995,1074
2012-05-14,5.01,2306925.083752382,60905
2013-08-30,138.029999,831648.3348831597,144389
2013-10-20,186.100006,722759.7607426546,126030
2010-12-15,0.2467,122778.5148590805,916
2014-09-04,490.98999,451973.79110889893,205128
2010-10-16,0.101,211090.89000109,556
2011-07-04,13.86,1363358.310846552,25088
2011-10-13,4.05,304776.07071734016,11108
2012-06-04,5.27,4645313.150180616,97178
2012-08-13,12.04,1881743.9749241688,113606
2012-09-21,12.37,25902484.2934844,70983
2013-03-14,46.919998,1188984.0128573424,145612
2014-06-28,597.559998,339025.5711616205,170152
2012-11-26,12.48,1134762.017872649,85996
2013-10-06,137.800003,419308.26642171293,103300
2013-10-25,197.880005,2817468.477495364,145819
2014-01-02,815.940002,709298.4927107774,153861
2014-11-05,327.959991,958586.3654075703,245579
2010-09-11,0.06366,18218.409999999985,379
2011-05-01,3.03,171302.68506202957,7959
2012-03-30,4.86,988434.3593290331,17656
2012-05-23,5.14,1806509.400517184,60318
2012-09-12,11.36,10847443.673881168,67025
2012-12-30,13.4,764608.9394032669,105795
2013-02-05,20.43,2006309.5328113697,122146
2013-11-07,264.100006,1211667.364304763,151033
2014-02-28,596.48999,593174.3946023586,207522
2014-06-24,588.77002,882381.4950344338,199175
2012-11-12,10.87,485575.044807806,59457
2012-09-28,12.39,2598231.543467553,81061
2014-11-27,365.350006,997888.1183900292,254892
2012-04-02,4.97,703032.147485977,15111
2012-10-10,12.12,879149.4437026092,78887
2012-11-19,11.65,1391564.7386810617,86890
2012-12-15,13.6,1657365.6390589227,75230
2013-11-26,829.98999,4028498.095255643,211903
2014-01-18,894.159973,357883.1800611138,139214
2014-06-16,599.080017,741260.5614988661,210423
2011-07-25,14.05,1442003.5886978423,26772
2012-05-16,5.09,3437743.036465511,40122
2014-06-15,582.289978,447016.40928446414,221635
2011-02-07,0.8997,164918.1962758902,1464
2011-06-03,14.29,622221.2662368361,18892
2010-09-16,0.0619,45533.50999999998,531
2012-10-13,11.86,2711467.0391712855,83626
2011-06-05,16.700001,563975.8718429385,19309
2012-03-08,4.94,528367.6359401485,17707
2010-08-11,0.067,66537.41000000006,482
2011-08-19,11.65,562663.5700554823,21602
2012-07-03,6.45,1440331.342057251,51477
2012-11-02,10.57,878438.8582579903,71622
2012-12-20,13.6,935760.4312037976,81434
2013-04-13,93,1306301.9448125267,142291
2013-11-06,251.300003,916641.1744734836,141924
2014-06-02,655.48999,952286.4730044873,197679
2014-06-09,644.349976,389374.1680403777,187694
2014-07-01,643.190002,891551.8063136156,214590
2014-12-11,347.940002,816064.5395458757,248232
2010-12-10,0.2,33992.30999999995,533
2011-03-12,0.88,163502.2766485096,4414
2011-03-17,0.86,167574.45677174916,4875
2011-08-05,9.8,500904.0565277878,20999
2012-08-02,10.53,1792453.0220652851,72222
2012-09-18,12.25,12984463.331636492,76016
2013-04-04,132.119995,2292667.7114631813,186163
2013-05-21,122.889999,674482.9495352355,154445
2010-10-28,0.1731,198573.5400000001,670
2013-07-26,96.019997,788332.0111667793,89270
2012-09-24,12.1,8117048.827144756,68250
2011-07-03,15.44,578519.6251433551,23152
2011-11-24,2.33,1517074.7869826786,11494
2012-10-24,11.65,1904593.6414521355,85107
2013-06-08,107.889999,399038.35574938613,117031
2014-10-11,361.220001,585164.3364176523,190603
2011-03-23,0.809,262405.7835626919,7947
2011-09-28,4.77,357739.1789244926,14335
2011-08-27,8.59,2711595.2615978518,18811
2010-08-30,0.06497,21288.910000899978,422
2011-01-14,0.3176,94314.97653260957,1828
2011-10-17,2.56,486050.8165070135,13354
2012-02-03,6.1,385849.42296658515,17461
2012-05-10,4.85,1200673.5548842167,26195
2012-11-16,11.2,3704500.187195179,91688
2013-11-09,355,900392.5000156792,147229
2012-04-18,5.12,1039840.0752641461,20303
2013-11-20,645.690002,1690347.1198274866,195262
2012-05-07,5.06,2193131.724238204,40972
2012-06-21,6.68,1046386.1084855153,63779
2012-06-29,6.65,2525130.746772635,51397
2014-01-11,957.76001,425028.40182612545,160323
2014-01-17,913.48999,426181.2176706758,167279
2011-12-06,2.88,6903856.500658314,17825
2012-05-09,5.04,2356469.563625774,38562
2012-07-22,8.41,1716136.9891644923,75077
2012-10-21,11.63,2354724.0700917533,100977
2013-06-24,102.089996,610053.0422975505,105503
2013-07-02,90.410004,735821.5743717256,93491
2013-10-02,123,1187078.8644555404,148072
2014-03-13,619.429993,767859.0098292581,227736
2013-05-01,116.379997,1350721.8914081403,151991
2013-10-24,206.979996,1029103.3027882194,159302
2011-11-08,3.01,1120622.4740847037,13860
2010-12-26,0.2499,77289.93580871008,950
2013-12-13,899.97998,914506.2430284733,169360
2013-11-04,224,974062.7146044836,120094
2012-01-10,6.33,393176.49097196816,15722
2012-01-18,5.6,377649.76134686597,15501
2011-03-07,0.8999,217748.8867224185,3380
2012-10-09,11.9,1364213.9795148727,88365
2013-06-21,109.5,712791.5281908287,110297
2011-01-15,0.4,64901.40236939026,1589
2012-05-21,5.1,3818667.6969913505,68417
2010-09-02,0.0634,42536.700000099976,402
2010-11-19,0.2678,61898.82000000517,9735
2012-02-04,5.96,366071.3480400911,16531
2013-01-13,14.24,886111.6136162209,109688
2013-08-18,113.379997,787710.9406826845,129247
2013-12-07,845.02002,2357745.2902004463,178272
2014-10-18,390.880005,601562.3426639825,202642
2010-11-22,0.2767,39553.34999999994,452
2011-04-11,0.77,95112.65255369058,3936
2011-04-23,1.7,174675.3362180491,4784
2011-06-22,17.51,1335096.9355155108,30786
2011-11-07,2.96,269280.2994848898,12037
2013-06-28,94.660004,659916.0797393133,116153
2014-01-01,805.940002,538983.2920840682,126484
2014-02-01,938.849976,452663.59863936075,165634
2014-05-01,460.130005,449043.55572754174,187433
2014-05-30,612.349976,929717.756126584,189753
2014-06-12,597.130005,1111447.5809375742,202643
2014-11-30,376.279999,980576.363421736,377530
2011-04-19,1.2,2656606.524256626,7008
2011-10-22,3.16,566544.4768631321,11619
2013-12-06,1106.349976,1163609.9891711993,194041
2013-03-20,59.139999,1888210.0754919376,115972
2012-03-10,4.86,392855.66502514033,14063
2011-08-04,10.75,325246.95611085417,19046
2011-09-11,5.86,1019854.4541621223,14552
2012-12-28,13.42,1076612.3117096242,112389
2013-06-04,121.400002,661631.3010407418,144826
2014-01-06,1014.73999,997845.8490470531,200229
2014-06-22,603.619995,528044.1748825988,213009
2011-11-15,2.22,360426.9319364124,14473
2013-02-11,23.969999,1328240.5831558844,131583
2014-11-20,381.429993,1039330.4071656336,251022
2014-04-18,485.519989,781666.5723175858,178850
2011-12-14,3.25,435169.1297912102,13264
2012-08-07,11.1,1962914.2958696547,65121
2014-05-20,484.570007,1500132.1356132561,226140
2011-06-09,28.92,782534.5141419969,29021
2012-09-17,11.89,13061001.165876606,57716
2012-09-25,12.2,1777419.0468603102,58168
2012-10-15,11.84,864684.7227106628,79361
2012-11-08,10.92,1329985.1761783904,80990
2012-11-22,11.77,1442437.4249169366,77103
2014-09-30,388.170013,666870.4414341366,243048
2012-07-18,9.11,1599655.31805752,71862
2010-07-23,0.06262,30314.78999999996,523
2014-05-13,433.920013,678338.7948657129,200082
2011-04-27,1.9,256709.1282550879,9123
2010-09-24,0.0622,30743.859999999957,629
2011-05-27,8.5,544637.8602619362,10751
2011-07-16,13.72,1255893.3522015936,24994
2011-11-11,2.84,305410.1076676022,11309
2012-07-28,8.89,1742182.2272065475,78512
2013-03-27,78.5,2738105.1062301164,133985
2014-04-29,446.119995,563354.9117388774,202127
2011-03-13,0.918,211014.42655063258,4048
2012-12-17,13.3,1800835.9377307473,96811
2013-01-20,15.62,1199630.7625163954,94910
2011-06-06,18.549999,839081.689117033,22344
2011-07-20,13.69,550679.892237765,25356
2013-01-07,13.45,1492637.9386188304,95629
2013-01-11,14.14,1332342.542659024,117964
2013-08-02,104.5,913464.1109076727,118545
2014-05-31,627.909973,588130.1598519235,163731
2011-09-19,5.46,334755.3345834917,15583
2014-01-04,884.26001,635106.075576645,140143
2011-11-04,3.15,400492.8247757843,14507
2014-10-23,355.779999,1087485.2424513218,227474
2012-12-25,13.38,604804.0303675197,69602
2013-09-15,138.300003,403507.54815521557,127316
2014-05-23,518.090027,1247509.8533044467,213055
2012-02-13,5.51,428908.0904905813,19323
2011-11-01,3.25,539837.8182562711,12129
2013-10-11,140.100006,829546.5766185421,123347
2014-03-03,544.559998,1068743.3668473861,275669
2011-06-25,17.51,10725139.376931768,22993
2014-07-26,596,309235.9587127077,168146
2014-02-04,931.710022,793134.5417521839,208265
2013-04-24,154.199997,2164362.8120211577,189039
2011-02-05,0.811,78570.55205962996,1378
2011-03-20,0.765,145785.09960803876,6918
2012-03-06,4.98,362054.09438236745,16349
2012-09-02,10.2,5968122.587876461,75567
2012-11-24,12.35,1179016.9217840608,73395
2013-03-31,92.190002,1540937.8177048657,120977
2013-03-31,93.029999,1540937.8177048657,120977
2014-07-27,595.030029,261543.51479097657,224746
2010-08-18,0.068,44038.50000000002,527
2010-12-13,0.22,185748.5597244993,1045
2011-05-10,5.81,576795.9692418937,7229
2011-05-15,6.99,322659.0597821243,9207
2011-06-17,15.68,1576402.7284300236,27196
2011-08-03,9.26,415841.68221148197,17450
2011-10-09,4.1,304072.6115882912,12254
2012-09-05,11,9277781.791548014,89376
2013-01-21,15.7,1152751.4575348783,91873
2013-06-10,106.349998,490545.12994935643,109778
2011-06-02,10.6,363323.8070614587,15452
2012-03-22,4.81,761881.519037595,17088
2012-08-08,11.06,1663888.8003222197,87041
2013-11-19,785.429993,2269134.47189091,230927
2013-11-25,795.01001,1449270.8026600054,180108
2014-06-10,655.619995,595395.8375007174,203121
2013-03-17,47,901237.4785814567,91063
2011-12-25,3.94,306629.28706859867,12592
2010-11-05,0.23,52959.83000000005,545
2011-02-06,0.92,86672.5015246399,1522
2011-12-16,3.2,484145.1240874792,11152
2012-04-01,4.83,623404.5748271085,14641
2013-01-17,14.73,1828926.937996457,110022
2013-01-24,17.5,1616949.9583277635,107510
2013-08-04,105.120003,510656.31129372085,99687
2013-12-20,731.950012,940326.3078764644,167631
2014-01-12,1005.320007,421547.01466840866,146657
2014-02-17,299.799988,505521.0846339906,201453
2014-02-23,255.589996,415338.34789090033,194251
2011-09-26,4.87,285184.6116343529,17317
2012-05-29,5.15,3168985.4132662024,64412
2012-03-26,4.62,535238.131771908,16254
2011-05-17,7.19,226691.36102928876,11614
2011-08-07,7.9,370766.70919158426,19745
2011-03-03,0.9399,238003.55858827915,5934
2013-06-27,101.739998,564885.2213749085,108768
2012-10-01,12.4,1625076.2366030305,75684
2013-08-31,141,878729.1739750725,129635
2014-03-18,606.380005,2645634.2414283697,146773
2013-06-30,97.510002,414309.76170299156,77094
2010-08-14,0.067,30251.739999999994,493
2013-02-25,29.889999,1869807.1719811251,153264
2011-02-04,0.69,62850.19468639997,1563
2011-11-23,2.33,1569836.8752031294,12004
2012-03-15,5.38,492864.21613991255,15556
2012-04-17,4.98,1139507.176259599,18744
2013-03-16,46.950001,2307843.5278465995,103294
2013-11-12,362.980011,1109036.9401386993,156124
2014-04-09,457.339996,606629.8772671422,207249
2011-06-18,16.889999,1267219.9964252138,29806
2013-11-11,336.320007,748279.4895538379,148457
2012-11-23,12.42,1140048.6638791633,82953
2014-05-04,436.049988,428868.4530359028,204636
2012-04-21,5.26,1227983.9572372637,17096
2012-01-23,6.31,289067.1572284594,15019
2014-01-07,1012.650024,924867.9333289621,171949
2012-06-11,5.57,3044013.9540995746,71219
2011-12-31,4.25,270535.6062974907,11335
2011-03-01,0.86,1039803.4423537917,5010
2014-03-05,661.849976,688295.9949306052,229409
2011-07-18,13.48,3310046.7212264654,24299
2012-07-30,9.1,979401.9657438145,74255
2011-02-01,0.52,129406.34188265032,1706
2012-07-04,6.51,2279526.8696257486,54243
2010-10-18,0.1024,229996.17000000007,786
2014-08-05,588.76001,618996.1627663409,227423
2014-03-14,625.039978,628708.135968916,193216
2010-10-11,0.095,62808.71000109,453
2013-04-15,82.389999,1049837.794416256,171602
2014-08-22,516.099976,3174695.2784164627,204518
2014-12-06,377.630005,617000.7526428284,229172
2012-03-14,5.27,611616.6004261904,17154
2014-11-23,352.01001,600423.4827360503,339006
2010-09-06,0.0616,83502.13999840002,337
2010-10-07,0.067,135369.09000000014,442
2011-02-02,0.7,121721.31104347984,1502
2012-06-08,5.63,5462839.526281429,53754
2013-06-15,99.800003,415381.8108453999,84826
2014-02-22,111.559998,401810.97190209746,185688
2014-04-21,495.160004,726993.2594478511,174653
2010-11-27,0.2844,33279.85999999993,628
2011-11-06,2.97,229666.89449933157,11531
2011-04-10,0.7369,93657.95868920989,3627
2011-06-24,17.51,4785653.124243418,26639
2012-02-24,5.01,582589.0271382743,17535
2012-06-17,6.16,1415383.942057013,99861
2012-06-26,6.42,1725291.6106419233,69480
2010-12-09,0.2388,53642.58727261007,656
2012-05-04,5.07,1126674.244044172,32470
2010-10-09,0.0938,193563.91000000024,556
2011-04-18,1.16,135779.04723493877,5980
2011-09-12,6.08,627477.1539601417,15552
2014-08-24,509.709991,415572.73288830963,246319
2014-09-21,401.619995,801876.1425695014,265820
2011-12-03,3.12,3502240.4250121983,12994
2010-10-17,0.102,121991.74000000002,571
2011-08-08,7.8,1044626.7615339955,20849
2011-12-17,3.2,364439.88256288785,11160
2012-01-16,7,436695.37891899,17118
2012-03-07,4.99,381751.5994041785,17234
2012-03-24,4.69,821417.7679861296,16145
2013-05-14,111.400002,784332.177562247,183055
2013-09-10,132.619995,645379.1504622897,122891
2013-10-14,151.369995,920794.5864161218,141787
2014-02-25,174,1091107.0155209573,240548
2014-08-10,592.059998,363132.0733889272,239260
2010-10-14,0.102,188159.55,471
2011-06-29,16.85,2785233.3226047438,24424
2012-06-27,6.65,1988365.3090453723,71255
2012-09-06,11.18,21877517.269942634,92425
2012-09-23,12.19,7816618.258464469,69162
2013-01-18,15.5,1655101.0421215023,112631
2013-10-17,157.589996,847370.7277265134,115779
2014-03-17,619.140015,555550.2054439937,209277
2014-11-13,432.029999,1656517.9941788223,264872
2011-07-01,15.4,1117797.9220133584,32297
2014-07-05,622.960022,421945.4194602641,160196
2011-08-01,13.09,549068.0999907949,23398
2011-09-30,5.14,292434.21181952656,12902
2012-07-23,8.45,2170034.042212053,70843
2012-10-17,11.81,3334767.1576458835,84711
2014-05-14,442.630005,729099.5183881939,208062
2011-12-21,3.95,579749.0094322495,12723
2011-05-06,3.45,291739.97314968996,7285
2012-09-08,11.04,7584282.222545264,69585
2013-06-11,109,598337.2908555963,124589
2013-09-07,128.990005,629569.9294577447,121246
2014-03-08,616.72998,1585837.166194493,199405
2014-03-26,562.890015,521418.67611738754,207076
2011-02-17,1.05,105184.8551134405,3890
2012-07-06,6.65,1381458.2288851612,54122
2011-10-15,3.84,383042.9021970044,12773
2011-10-08,4.01,283462.4039079793,12442
2010-09-26,0.062,32734.5099999999,506
2013-02-21,29.65,1050131.2015520171,127322
2014-12-08,376.470001,1654310.767335097,277669
2012-02-09,5.6,276583.0172162793,17577
2012-09-20,12.28,15908406.786531787,72273
2012-02-02,6.08,376869.1725643192,17550
2010-10-24,0.115,115044.3899999999,753
2012-04-04,4.91,767659.145249107,17041
2010-08-13,0.0645,45812.58999999985,738
2012-02-10,5.83,323286.86014982197,18681
2014-08-25,502.929993,951963.744003859,208488
2014-10-09,360.910004,974536.0041404027,227780
2013-09-22,134,495219.38307076687,123592
2012-03-18,5.22,379449.64367049077,15149
2011-06-15,19.49,4242648.184799822,30393
2012-10-06,12.51,1977786.4572732812,79258
2011-08-10,9.98,1148112.9555596139,20443
2011-11-13,3.03,250028.4811323694,12277
2014-05-18,450.140015,273970.03906821855,202663
2010-12-11,0.204,88522.04702586021,912
2014-07-22,622.530029,385105.17693016207,196088
2013-04-30,139.229996,1003343.6282108764,146931
2011-05-04,3.41,289688.6634930299,6117
2011-09-10,4.77,271813.25317714375,14992
2010-10-29,0.19,97225.29000000001,615
2013-11-10,367.790009,801259.568117506,149595
2014-02-15,427.679993,963648.9787182062,181290
2012-06-28,6.61,3474911.564903767,60199
2010-09-19,0.0627,61581.25960352008,433
2012-02-26,4.77,347126.38539904787,14540
2014-05-07,446.549988,840071.956870139,208586
2012-12-02,12.56,1012070.1339334773,52959
2012-01-17,6.68,442201.41711935785,15674
2011-07-10,14.9,2432216.55088751,29193
2010-07-21,0.07921,38004.54,599
2010-12-24,0.25,67806.3074806502,850
2011-01-29,0.446,75666.96195608015,2303
2014-06-11,642.950012,533894.9103442472,192758
2014-12-12,347.679993,973005.794753117,258639
2012-09-16,11.87,14008370.579985742,68266
2013-09-13,140.660004,654237.8652124006,110749
2012-02-11,5.91,458101.2120653982,17373
2012-12-10,13.39,1037451.3544318549,92834
2013-08-09,102.800003,621565.76822916,113758
2010-10-20,0.099,212861.77000000014,1014
2012-01-28,5.29,254713.26477645012,14708
2012-05-24,5.12,1128648.6581640122,58459
2012-08-17,11.58,2780903.1669783504,85167
2010-08-21,0.0664,47328.31000000002,437
2014-03-19,598.929993,1107106.0624493163,197577
2010-09-29,0.06191,102221.76000000093,1625
2010-10-15,0.105,155316.49000000005,427
2014-01-26,961.049988,399122.9783604231,148573
2014-09-01,477.190002,708067.7321698655,230557
2011-06-19,17.51,4573895.551497514,29666
2011-04-22,1.41,166548.24424112932,4263
2014-08-01,598.780029,465864.56069887296,208421
2014-09-15,477.709991,463879.0116892023,222114
2010-11-23,0.2879,49632.13000000007,461
2013-04-06,142.630005,1333262.4873776436,146818
2012-08-22,9.81,7756104.556744833,81360
2013-11-27,969.960022,3323866.0138236764,231585
2011-09-07,7.19,636171.356014245,16516
2011-06-27,16.75,1877979.9101761663,31689
2013-05-27,129.770004,666608.3738345708,148213
2011-08-21,11.31,250898.26811619417,22326
2011-12-23,3.89,271718.3962728596,13106
2011-12-26,4.22,704726.3640172057,13325
2014-09-18,424.26001,704089.5902956122,221458
2014-07-02,645.719971,944001.2797155762,205101
2013-01-15,14.3,2092810.8353081846,106031
2014-01-21,955.950012,622105.8079104766,193816
2014-11-25,378.850006,970483.0311384642,241189
2012-08-03,10.97,1431240.1832497735,60905
2012-06-23,6.43,3023872.8185760127,53976
2013-09-17,139.149994,627615.1853986018,153242
2012-03-12,4.91,606233.9745842485,16988
2014-12-13,353.399994,241806.1790959759,54500
2012-06-10,5.47,3292536.178093761,87215
2013-04-27,128,808262.656526646,135165
2014-07-16,614.799988,602509.2364792197,195384
2011-01-07,0.298,64748.23689414022,1543
2012-06-14,5.95,4838045.593112576,138068
2014-09-22,404.089996,539538.2129001763,226209
2010-07-31,0.06785,25583.489999999987,347
2010-09-27,0.0622,44823.01000000007,800
2011-01-16,0.386,73530.1163967401,1559
2011-01-22,0.4199,77926.62632167003,2395
2012-03-28,4.79,691100.7648754767,18381
2012-05-25,5.15,2438067.3573934813,62514
2012-10-25,10.86,1462862.3273568358,67158
2013-03-12,48.400002,1491939.3832062443,121796
2013-03-22,70.849998,1520085.0904455488,152617
2013-09-03,144,949784.9403216138,118803
2013-10-21,192.779999,1059197.2741424416,150083
2014-01-15,919.280029,605639.3432477721,169579
2014-03-15,614.030029,585263.3653147906,167088
2014-03-23,564.340027,337434.36970352207,181968
2014-07-10,618.390015,517645.02380388405,197022
2014-11-22,351.769989,790597.149726873,220847
2013-12-16,919.880005,2092813.0868515552,200394
2010-09-03,0.06085,38056.340000000004,403
2012-11-20,11.8,1572790.8556522457,87944
2012-12-19,13.3,1137275.0665436408,99930
2012-04-10,4.84,830066.565041331,20449
2014-05-02,453.670013,658715.601906698,185918
2013-04-14,90,825566.1826318209,153671
2011-07-24,13.98,549874.0948112933,23530
2011-11-28,2.48,4013831.08757456,13219
2014-09-25,412.290009,679083.4224921389,256255
2013-12-04,1154.859985,1348811.5823500634,205857
2010-09-20,0.0621,51703.10000000004,598
2011-05-21,6.12,664953.8260053275,11140
2011-07-11,14.21,1014394.2127177462,26823
2011-07-15,13.81,604955.4270823756,24090
2011-07-23,13.68,611320.35357268,21898
2011-07-31,13.35,603028.0190870728,24638
2011-10-24,2.55,369953.84511698794,13592
2012-04-08,4.79,1263160.4785929534,15412
2013-03-18,47.400002,3770851.6644197414,106946
2013-07-15,98.889999,702810.6260871573,91697
2014-04-12,437.649994,405025.8453325726,146658
2011-02-20,0.949,225704.04999999865,3408
2011-07-13,13.95,1435918.5735440976,27203
2012-09-10,11.17,18885869.63228773,75215
2013-05-07,109.599998,973835.1190185129,190787
2013-09-09,133.100006,1030766.7565850404,129593
2013-11-16,433.920013,1491006.2833925525,131447
2013-11-24,832.5,1518872.5114653653,156800
2014-07-06,626.650024,373704.7216002263,222540
2013-05-09,112.800003,695397.0384761014,180398
2013-12-30,784.960022,814654.6425677364,181200
2010-10-25,0.132,160144.65,545
2011-01-28,0.4212,53940.26000000014,1857
2010-09-10,0.0618,23023.329997999976,468
2012-08-21,9.92,5481598.728411353,92660
2012-11-04,10.64,2247532.789932075,59134
2013-03-30,90.5,1823180.6577931906,145873
2012-07-17,8.8,2532795.2250751536,77240
2010-11-03,0.1938,66479.98000000004,430
2011-03-11,0.9329,254152.81032047895,3243
2011-09-03,8.48,231609.6715958193,14139
2012-04-30,4.95,1104689.0614134087,22508
2013-01-10,13.77,1335111.590884291,121138
2013-09-14,136.710007,572122.2832940011,104349
2013-12-24,713.23999,886524.5499626593,157841
2014-07-12,635.900024,469369.1335101276,182105
2014-08-20,516.780029,564014.5461763417,217567
2014-05-19,443.899994,529418.7861904535,195047
2014-05-15,448.100006,826657.6164107858,221217
2011-04-03,0.779,90157.91813374023,3840
2011-04-08,0.75,136261.74605445992,3876
2011-05-02,3.2,129386.31647741987,6317
2013-03-07,41.02,1659536.989101829,152474
2013-07-31,106.209999,863767.5596820134,115151
2013-12-02,1004.390015,1424490.9049735877,195691
2011-03-27,0.8552,152316.61225411887,5206
2011-03-27,0.82,152316.61225411887,5206
2010-08-04,0.057,45786.450000000004,569
2011-05-19,6.81,190120.0813039468,12573
2013-06-16,99.900002,520682.4418572561,99649
2014-07-18,627.469971,514425.2218701269,192786
2011-05-25,8.4,397095.25580576435,16023
2012-12-16,13.49,1782516.038839211,85549
2013-05-10,117.699997,915183.6766237647,205059
2014-09-28,379.079987,464556.3749446845,309798
2013-05-22,123.800003,738074.8590840567,143925
2011-02-03,0.716,73734.07801298989,1323
2011-10-19,2.27,308497.9508268283,11732
2012-02-16,4.33,1606238.0811630595,21873
2013-11-15,433.399994,2576469.3580796174,158685
2014-07-29,585.77002,495080.2014744692,192235
2011-01-03,0.3,75404.52459217013,1628
2011-03-26,0.8838,326133.119309361,6240
2011-09-05,7.61,2273546.533170688,17988
2012-02-14,5.26,1352875.8651912804,21928
2012-12-05,13.41,2821654.3663822263,79012
2013-01-04,13.4,2328536.9041805426,111607
2013-02-17,27.219999,1145511.7571536514,121106
2013-12-26,707.25,620433.4835849178,149496
2014-02-26,135.779999,697463.1569247036,227926
2014-03-10,627.049988,1521682.9465050343,238452
2014-07-24,601.869995,536981.6774972356,203433
2010-08-01,0.0611,282050.22000000015,446
2010-11-08,0.34,513192.6199999997,628
2011-01-21,0.39,69676.78496434004,1990
2013-03-10,46.849998,1241733.7335771695,174487
2013-04-03,135,2371324.931585062,181374
2014-01-16,941.219971,605276.8481891594,159016
2014-04-17,502,814063.2979920747,196351
2014-08-29,512.559998,593794.3241106105,191312
2011-07-29,13.5,697742.752392266,22692
2014-03-20,594.960022,684384.7819127617,199417
2010-09-13,0.06219,125727.93000010015,576
2010-10-30,0.1989,71091.04000000011,524
2010-12-29,0.281,119098.58258158009,774
2011-06-04,18.889999,487408.48639875196,20053
2012-01-12,6.9,363660.15826159855,15206
2013-04-19,118.480003,1873867.4811361225,172867
2013-06-07,111,678143.2675678397,127092
2013-10-16,152.820007,1022744.3372776939,129273
2014-06-18,606.210022,549689.6139363035,197866
2013-05-29,132.25,793664.2945562258,144182
2013-12-01,1205.660034,1494457.3633033761,181194
2010-09-15,0.0604,48363.550396480015,596
2010-09-30,0.0619,48915.02999999996,496
2011-04-30,3.5,413703.69605385035,8684
2012-07-14,7.54,2473988.398969624,50978
2012-10-26,10.17,1038024.2542705239,58497
2012-11-10,10.82,438620.17661099456,66017
2012-11-14,10.95,1299843.8768972966,71809
2013-09-05,130.199997,887243.6611420858,136698
2014-02-08,695.650024,569456.7919677363,191722
2014-09-16,466.75,434785.75789948273,247362
2013-01-28,17.82,1690349.0161368926,127512
2012-03-21,4.84,515344.02968794166,17732
2010-11-01,0.1925,51107.25000000001,440
2010-11-16,0.2682,387881.2600000152,11783
2011-02-24,0.9,229509.53769471752,3727
2011-05-16,8.03,290500.48595862876,12655
2012-10-03,12.89,1259635.6346297257,64266
2013-07-12,93.989998,1021508.4696405246,127694
2014-08-30,505.959991,597963.5577322128,191434
2014-11-28,368.829987,1348602.666069809,247014
2013-12-09,803.960022,1216713.7431495215,181522
2013-06-05,121.900002,681339.3643617932,156341
2011-11-19,2.05,4126706.4676502403,11209
2013-07-19,92,819430.551432614,89195
2014-09-02,478.940002,574265.5103343845,212488
2012-07-07,6.76,4127597.1985145896,55591
2012-04-27,5.11,1467996.926526528,17689
2014-03-01,573.940002,824438.3758488715,203479
2014-03-06,658.299988,629317.3273322604,228184
2014-01-05,924.690002,934422.9438469089,160553
2013-03-25,71.5,1544997.6112032249,126028
2013-04-22,127.400002,1649760.890583109,153175
2011-12-10,2.97,1129167.9308208015,13393
2011-02-21,0.85,238990.27999999738,3502
2011-06-20,17.51,1343736.1106314852,28858
2011-11-09,3.04,979476.5741787198,14268
2013-03-03,34.25,934113.4728115834,128312
2014-07-15,619.599976,564831.830035099,218854
2014-08-26,512.559998,1788493.6496841896,215466
2012-07-12,7.76,1393225.5388901075,53485
2014-01-30,925.669983,531188.2026069978,175024
2014-10-30,335.119995,714469.8837181849,261533
2011-10-01,5.03,419136.93431849603,12201
2011-06-30,16.1,1506367.7281148315,23771
2011-03-05,0.901,142056.74702166006,3482
2011-12-04,2.79,2950081.793594691,12524
2013-06-09,100.440002,675161.0302859765,108736
2010-11-13,0.2682,49255.959999999985,395
2011-06-08,29.6,796871.8114842864,25537
2011-08-12,9.46,345156.3347912038,15782
2012-02-08,5.69,309649.2248030594,17238
2012-04-07,4.69,347464.78225752676,15082
2012-07-08,6.8,826735.094834855,46744
2014-03-29,482.609985,401860.02409626235,178362
2013-12-14,936.77002,620226.5943545967,151878
2011-02-12,1.07,141510.4061591203,3322
2011-04-24,1.63,109732.82229587022,4525
2012-01-29,5.63,351192.84994048043,15363
2012-06-25,6.3,1818923.1429279868,65196
2013-05-24,133.100006,759741.6813637812,149150
2014-08-08,595.849976,338839.1179869473,202402
2011-08-18,10.83,407482.6830673174,21201
2013-01-23,17.26,2413364.5827168096,111461
2013-01-25,16.9,1564347.8284638596,111705
2013-08-13,109.599998,1301581.4385426757,115800
2013-08-28,128.759995,784253.7602409307,148590
2013-11-30,1206.930054,1866753.033769349,194496
2014-08-02,591.719971,389351.12384787254,168367
2014-08-07,592.799988,433895.63626166224,207962
2010-10-03,0.06111,81855.03776625014,545
2013-09-27,138.929993,690114.8516065298,114767
2014-11-03,322.549988,1077667.4961424877,250569
2013-02-14,24.200001,1502365.261868947,114829
2014-06-29,601.059998,352851.5628645838,214015
2010-11-30,0.2299,69850.90000000026,616
2011-03-22,0.759,210650.79931853863,4032
2011-10-14,3.99,277350.7600223284,13231
2012-08-18,11.61,2154735.389676477,77441
2013-10-07,135.800003,688597.9799494136,114237
2014-03-12,608.690002,1058791.4676516796,230676
2013-03-11,46,1007494.5240775769,141983
2011-07-06,14.78,576694.7147056117,26198
2012-03-01,4.86,665437.8012457644,16032
2013-02-19,26.950001,1456405.9595390367,127053
2014-07-21,625.130005,448465.5867337599,197264
2014-10-06,331.549988,1129892.5100517704,227767
2011-12-13,3.14,354438.0558829006,13196
2012-05-17,5.1,3456116.181354496,38832
2013-07-03,78.889999,817460.9062368554,87911
2014-10-15,393.170013,1203856.93518184,236218
2014-12-07,376.26001,819728.7355374255,323643
2011-05-13,8.2,463129.33213526325,8995
2012-08-04,10.98,1413394.3717107773,64536
2014-01-24,944.159973,747873.4574907782,179847
2014-10-03,363.450012,727691.2350752436,258668
2014-03-16,624.030029,389239.43818194297,167380
2012-07-11,7.15,1155039.0889594299,70321
2014-08-13,542.099976,708436.230073572,227146
2014-10-05,322.859985,928155.2010334474,317617
2012-04-16,4.93,1619772.0317294658,21042
2010-09-09,0.06111,40917.749998199986,430
2010-12-22,0.24,90623.30951748035,1050
2011-03-14,0.8925,213250.16431473187,3716
2011-05-22,6.69,891263.9275652248,12583
2012-12-04,12.68,2489158.497244828,76341
2013-01-05,13.5,2100349.697850931,93262
2014-05-10,451.899994,680089.585980884,168595
2014-08-09,589.52002,362484.4345825791,184739
2014-09-24,423.769989,912778.14480162,243783
2010-12-03,0.255,37032.740000000034,506
2014-03-27,562.450012,792964.8434071249,214499
2013-07-29,101.480003,747853.1195039733,100252
2012-05-01,5,1090850.2837089146,24968
2011-08-15,11.15,339976.15755700343,19256
2011-06-21,17.51,3323655.728373313,26638
2012-10-12,12,2612813.6362854606,77326
2012-12-24,13.31,1065971.6881209414,85108
2013-03-01,33.380001,1647857.6374021694,151654
2011-06-01,9.57,280980.79020142264,15548
2013-09-26,137.100006,745552.0808114632,134690
2014-06-27,602.22998,487614.0459791953,196694
2014-06-30,635.140015,686283.7475469038,214243
2014-08-15,496.450012,771484.0224983275,213186
2011-09-25,5.33,296179.72228026326,19450
2013-07-23,95.559998,1012489.3670389435,94148
2013-02-06,20.6,1860603.3430081801,99446
2012-08-31,10.16,8982904.491596734,87364
2011-11-30,2.75,6587398.326399764,14827
2012-09-29,12.36,1302616.358491159,60944
2011-08-13,10.13,310575.99664211384,18517
2011-12-29,4.19,509028.1821721,12298
2012-03-16,5.33,508432.0258187469,17476
2012-05-13,4.93,1509618.5985586154,33061
2014-10-17,380.480011,915354.2617788814,207805
2014-11-10,362.040009,937478.9674622915,256459
2014-09-12,477.730011,461999.16477576434,195316
2011-02-15,1.07,103052.36395607035,3875
2011-01-30,0.439,398195.3586804086,4844
2011-02-18,1.04,129034.02368959055,3556
2013-02-03,19.629999,1389161.479911233,139521
2013-06-20,111.290001,728607.9747608028,120423
2013-12-29,761.98999,837535.4318256304,142678
2012-05-05,5.08,1204600.8318230947,30118
2012-06-09,5.56,1394282.354533786,71784
2013-03-29,86.18,1460447.7939021199,160125
2013-04-17,93.07,1723555.435939991,175376
2011-11-25,2.43,1088524.813273448,12567
2012-02-15,4.46,1344784.0863340904,21520
2011-11-17,2.56,3280853.3661251743,11281
2011-01-23,0.4443,88619.42091382011,1842
2013-10-29,206.899994,1686428.347039129,122840
2013-12-28,803.049988,614290.1353285294,137134
2014-04-04,444.359985,670524.7813644113,206928
2014-04-25,464.48999,557906.3854559101,224867
2010-08-02,0.06,75663.37000000001,467
2010-11-14,0.276,48164.88000000001,495
2010-12-01,0.2082,64444.66000000039,751
2011-02-27,0.958,201934.5285515085,3935
2011-05-11,5.5,185790.74064742788,6753
2011-07-05,12.91,414570.26436093595,22845
2012-02-28,4.96,378837.63297873444,17231
2012-10-19,11.74,2692841.9694455727,65355
2011-08-23,10.94,447471.4265862388,22064
2012-02-05,5.87,346103.0939856599,16050
2011-08-11,9.46,491162.61316219345,17925
2011-08-17,10.95,329856.91995031503,19191
2012-06-30,6.69,1395567.6927708506,50724
2012-09-11,11.33,20228603.976558883,87458
2012-11-18,11.79,2064001.390208661,82378
2013-04-08,187.5,1528795.7937245644,181864
2013-08-22,122,823544.6766260449,150574
2013-11-17,461.959991,1158208.9226962603,136318
2014-11-02,325.429993,551998.1463925797,349958
2013-08-06,106.559998,760801.1325065427,123467
2011-05-12,6.3,216345.34750923995,7407
2011-10-27,3.04,508366.1253020393,10628
2012-07-27,8.9,2180746.8319797553,60503
2012-08-16,13.5,2075711.6446002838,97598
2013-05-04,112.900002,504688.3551806272,171517
2013-05-16,118.209999,723462.4396360962,194616
2014-03-02,557.390015,555305.9433605835,185198
2014-07-14,618.320007,508730.2065813993,188638
2011-01-09,0.3229,46433.19469134008,1811
2014-06-25,568.450012,503311.05008936883,204444
2012-08-15,13.25,1789685.9562041888,121504
2013-01-31,19.700001,1589397.7543037958,120224
2011-03-31,0.7846,147257.22298475917,4429
2014-03-11,612.969971,988209.0463941743,226425
2014-11-17,385.609985,838436.986648626,250180
2010-12-25,0.248,120997.10743052015,1039
2012-10-11,12.03,1246301.9989309425,69684
2014-01-22,962.210022,493075.89637305425,185141
2014-07-08,615.320007,368883.9472386904,234446
2014-04-14,478.380005,618413.5979598177,213443
2011-12-08,2.99,4592747.96940778,13595
2012-03-19,5.28,458988.8919670988,15715
2011-01-01,0.3,64296.12915258011,1029
2011-05-07,3.64,232716.11804692028,8233
2011-09-24,5.47,232089.6192309123,18990
2012-04-12,4.92,1285753.939717021,19398
2013-02-10,23.65,1370569.589294917,127167
2013-04-29,144,1889559.7793681927,166534
2013-08-23,118.510002,826429.8584936874,127150
2014-01-31,941.390015,409190.88423903123,177338
2011-03-24,0.8497,259392.16790691708,4444
2011-12-07,3.03,5610246.425572802,13360
2012-06-24,6.35,1899076.407440048,50967
2012-08-26,10.61,3331598.2062920197,64505
2012-10-16,11.85,2748990.451371471,88722
2012-11-17,11.75,2648679.6698307474,117881
2014-01-09,938.840027,597510.9775766183,163842
2014-01-20,954.799988,784430.3025799543,208019
2014-04-07,462.380005,467993.2298852245,197692
2014-06-01,649.789978,742697.8349306632,215344
2013-03-15,47.169998,5346419.9260394275,163105
2010-08-08,0.0609,20285.049999999985,518
2013-07-04,80.040001,854939.2747116309,84663
2011-08-14,10.8,455081.468853309,22036
2010-08-10,0.07,43421.850000000006,406
2011-04-15,0.9899,107885.96932729967,4045
2012-08-30,10.78,11585110.830948668,71876
2010-08-17,0.07,56445.99,419
2013-07-06,69.660004,700586.2395392992,79314
2012-05-06,5.05,658919.7295994889,26675
2012-02-27,4.92,377087.2734321282,16440
2013-12-27,801.97998,606017.9449516414,153713
2013-05-06,112.25,858406.0151644945,168310
2014-01-03,856.909973,897783.4573795113,166839
2010-12-02,0.2275,70654.45000000013,637
2011-04-02,0.782,104015.47472046025,3676
2013-01-27,17.879999,1471814.5888813923,126597
2013-06-19,108.25,582605.7976170755,114033
2013-11-05,238.160004,1115521.378053838,136989
2014-04-26,457.869995,338826.0316294361,155167
2011-11-27,2.47,1800608.2338753361,11491
2014-09-14,477.73999,370679.11657091597,307488
2013-08-01,104,1147305.424982226,150431
2010-11-12,0.2231,42139.80000000003,339
2011-09-23,5.55,345135.8794777214,20002
2013-05-31,128.820007,678617.7782582234,137220
2010-12-28,0.265,65070.7939576503,1063
2013-04-26,136.899994,1179467.6821498973,160999
2011-03-30,0.7897,129980.52542227031,3705
2013-06-29,95,532545.4665412572,102604
2013-09-18,140.410004,806994.2697531575,140320
2014-07-20,620.97998,283901.8691612153,227657
2013-08-29,129.300003,2639151.650220692,134381
2012-09-22,12.24,14874052.14283845,54619
2013-08-17,112.75,1006280.9182905509,126488
2012-07-13,7.67,2479292.882955287,57331
2011-05-26,8.8,427705.1405646598,15188
2012-10-07,11.8,1787096.3661146378,88713
2013-01-01,13.51,1491978.9455664353,78996
2013-02-09,22.66,1816284.6036170572,130359
2014-02-18,272.279999,501226.92225059075,196240
2014-09-10,479.700012,472432.485609871,210391
2013-12-21,649.960022,977633.719224996,154780
2011-11-26,2.51,1603286.1077446179,10845
2012-11-15,10.95,2661089.9296161244,88300
2012-11-28,12.2,1891268.8372061288,90213
2013-12-11,1033.719971,1113758.0341572405,177329
2014-05-25,570.440002,841110.0237382537,216166
2010-07-30,0.0627,29261.819999999963,404
2011-01-02,0.3,55313.98266554021,853
2011-12-12,3.25,741515.0925020243,11655
2012-01-21,6.49,307330.25742482103,14632
2012-05-26,5.1,4831935.95270096,50884
2013-09-24,134.779999,949071.8653525297,147124
2013-11-28,1079.890015,3418563.3538549975,239393
2013-12-08,697.02002,1219503.5689181313,135696
2013-12-23,639.48999,722235.1937914443,179749
2014-11-08,341.869995,566350.1301226995,200454
2014-08-19,485.119995,631401.0907037827,219985
2011-10-05,4.87,407553.18218453316,13391
2013-05-28,129,705680.5312963646,144531
2014-05-27,570.099976,951817.2494453273,203852
2014-11-19,379.160004,940122.1566345679,247920
2014-01-19,905.719971,567071.287808749,132389
2013-06-03,120.739998,780446.2364782665,142959
2011-01-24,0.4424,78182.76787557019,2261
2013-09-08,126.32,398165.85045689106,107090
2010-09-17,0.059,85698.13000000006,420
2010-08-22,0.066,31018.189999999977,432
2012-08-12,11.62,1616952.2292635143,78633
2014-01-27,1007,907240.1300908419,200613
2014-05-06,432.190002,687403.1880915356,224144
2014-09-23,436.859985,788111.137089813,238741
2011-10-28,3.19,453279.8957800199,11217
2012-05-18,5.12,1876206.4060095106,53046
2014-04-05,456.630005,731651.0798850645,178344
2014-07-19,627.039978,308098.51656984957,179749
2011-09-01,8.21,335267.9315947399,16643
2012-01-15,6.75,275751.5700574287,14126
2012-08-01,9.55,2272795.1644848944,66873
2012-12-21,13.52,1664907.965529253,95865
2011-02-09,0.918,137787.15482887975,2113
2011-07-17,13.16,571072.1804649832,24953
2012-02-18,4.41,705524.7506138837,16460
2010-09-22,0.0622,53385.49000000001,984
2014-02-05,926.640015,800217.0139364032,203498
2012-05-28,5.14,2137076.1908883485,64725
2012-10-22,11.71,2267653.1834000284,102007
2013-03-24,64.349998,995637.7476802918,132249
2013-05-26,133.5,388698.0303012274,122586
2013-12-19,540.97998,1364026.9250552608,187153
2010-07-29,0.0699,28061.22999999917,1971
2010-08-19,0.0667,27152.099999999973,415
2010-12-07,0.204,98801.2943440203,791
2013-02-02,20.5,1354020.5829966299,121775
2013-02-22,29.75,1578721.332427981,144169
2013-04-18,109.010002,5846871.991148768,122943
2013-09-29,143.880005,554128.0152997128,101786
2014-04-02,424.369995,755860.8975483102,206956
2014-11-09,343.540009,536383.1464256779,334111
2011-06-11,14.65,1487953.9062889414,26322
2012-03-20,4.69,502954.4241667304,16057
2010-10-01,0.06197,65983.38812107994,932
2011-08-31,8.2,271912.1193281151,16985
2012-06-13,5.93,2431812.8491333993,123815
2014-04-15,526.429993,669588.7425903013,215599
2010-10-08,0.08685,160854.63000000027,492
2011-01-27,0.417,1043207.8390592001,1395
2011-02-25,0.9974,186897.17915199848,3633
2012-08-06,10.86,1995321.8012021168,76109
2012-08-11,11.51,1575641.2607524884,71524
2012-09-19,12.57,31325866.372682292,75078
2013-05-20,122.019997,540663.9554002802,152013
2014-04-23,487.299988,680231.1471099684,214057
2014-07-09,623,467382.0692648812,212429
2010-09-21,0.06265,36311.66000009983,1178
2010-11-26,0.28,98806.1999999996,1838
2011-03-16,0.87,160549.7218128487,4544
2013-05-25,131.990005,735659.2724957007,131655
2013-02-16,27.1,1268206.3358486416,122683
2012-01-31,5.49,345237.7077044047,16176
2013-07-25,96.949997,811961.7465707955,100704
2014-05-22,515.359985,773918.6402086021,211790
2012-07-15,7.62,1363199.7682216477,58360
2012-04-05,4.92,943391.5058197408,16255
2013-08-24,119.599998,567935.8937663633,120071